,index,condition,binding_peak_start,binding_peak_end,binding_peak_strength,target_locus,target_genes,gene,normalized_dist,binding_peak_center
0,YafC-1,yafc + glc,230869,230900,15.53,"b0209,b0210,b0208","yafD,yafE,yafC",yafD,-0.29525593008739076,230884.5
1,YafC-1,yafc + glc,230869,230900,15.53,"b0209,b0210,b0208","yafD,yafE,yafC",yafE,-1.6674679487179487,230884.5
2,YafC-1,yafc + glc,230869,230900,15.53,"b0209,b0210,b0208","yafD,yafE,yafC",yafC,-0.003825136612021858,230884.5
3,YafC-4,yafc + glc,2890071,2890101,18.51,"b2762,b2763","cysH,cysI",cysH,-2.4136054421768707,2890086.0
4,YafC-4,yafc + glc,2890071,2890101,18.51,"b2762,b2763","cysH,cysI",cysI,0.007589025102159953,2890086.0
5,YafC-5,yafc + glc,3170447,3170508,18.71,"b3025,b3026","qseB,qseC",qseB,0.9856060606060606,3170477.5
6,YafC-5,yafc + glc,3170447,3170508,18.71,"b3025,b3026","qseB,qseC",qseC,-0.004074074074074074,3170477.5
7,YafC-6,yafc + glc,3170496,3170544,23.5,b3026,qseC,qseC,0.027407407407407408,3170520.0
