,index,condition,binding_peak_start,binding_peak_end,binding_peak_strength,target_locus,target_genes,gene,normalized_dist,binding_peak_center
0,YbaO-1,ybao + M9,468394,468420,2.14,"b0447,b0448,b0449","ybaO,mdlA,mdlB",ybaO,0.054466230936819175,468407.0
1,YbaO-1,ybao + M9,468394,468420,2.14,"b0447,b0448,b0449","ybaO,mdlA,mdlB",mdlA,-0.2611393119007332,468407.0
2,YbaO-1,ybao + M9,468394,468420,2.14,"b0447,b0448,b0449","ybaO,mdlA,mdlB",mdlB,-1.250280583613917,468407.0
3,YbaO-2,ybao + M9,3258044,3258075,7.74,"b4470,b3110","yhaM,yhaO",yhaM,-1.074370709382151,3258059.5
4,YbaO-2,ybao + M9,3258044,3258075,7.74,"b4470,b3110","yhaM,yhaO",yhaO,-0.037162162162162164,3258059.5
