,index,condition,binding_peak_start,binding_peak_end,binding_peak_strength,target_locus,target_genes,gene,normalized_dist,binding_peak_center
0,YcaN-1,ycan + M9,657184,657215,1.59,b0623,cspE,cspE,-0.4357142857142857,657199.5
1,YcaN-2,ycan + M9,1836118,1836160,1.52,"b1754,b1755,b1756","ynjB,ynjC,ynjD",ynjB,0.05741216795201371,1836139.0
2,YcaN-2,ycan + M9,1836118,1836160,1.52,"b1754,b1755,b1756","ynjB,ynjC,ynjD",ynjC,-0.6979166666666666,1836139.0
3,YcaN-2,ycan + M9,1836118,1836160,1.52,"b1754,b1755,b1756","ynjB,ynjC,ynjD",ynjD,-3.9862385321100917,1836139.0
4,YcaN-3,ycan + M9,2716628,2716665,2.24,"b2580,b2579","ung,grcA",ung,-0.15434782608695652,2716646.5
5,YcaN-3,ycan + M9,2716628,2716665,2.24,"b2580,b2579","ung,grcA",grcA,-0.5143229166666666,2716646.5
6,YcaN-4,ycan + M9,3966324,3966365,2.31,b3783,rho,rho,-0.056746031746031746,3966344.5
