,index,condition,binding_peak_start,binding_peak_end,binding_peak_strength,target_locus,target_genes,gene,normalized_dist,binding_peak_center
0,YcfQ-1,ycfq + M9,3719880,3719908,5.93,b3556,cspA,cspA,-0.7230046948356808,3719894.0
1,YcfQ-2,ycfq + M9,4012826,4012859,4.36,"b3829,b3828","metE,metR",metE,-0.09261715296198055,4012842.5
2,YcfQ-2,ycfq + M9,4012826,4012859,4.36,"b3829,b3828","metE,metR",metR,-0.027777777777777776,4012842.5
3,YcfQ-3,ycfq + M9,4551493,4551505,2.94,"b4322,b4323,b4321","uxuA,uxuB,gntP",uxuA,-0.11476793248945148,4551499.0
4,YcfQ-3,ycfq + M9,4551493,4551505,2.94,"b4322,b4323,b4321","uxuA,uxuB,gntP",uxuB,-0.9589322381930184,4551499.0
5,YcfQ-3,ycfq + M9,4551493,4551505,2.94,"b4322,b4323,b4321","uxuA,uxuB,gntP",gntP,-0.15104166666666666,4551499.0
