,index,condition,binding_peak_start,binding_peak_end,binding_peak_strength,target_locus,target_genes,gene,normalized_dist,binding_peak_center
0,YeaM-1,yeam + M9,1250883,1250921,3.738747,"b1201,b1198,b1199,b1200","dhaR,dhaM,dhaL,dhaK",dhaR,-0.08489583333333334,1250902.0
1,YeaM-1,yeam + M9,1250883,1250921,3.738747,"b1201,b1198,b1199,b1200","dhaR,dhaM,dhaL,dhaK",dhaM,-1.2600422832980973,1250902.0
2,YeaM-1,yeam + M9,1250883,1250921,3.738747,"b1201,b1198,b1199,b1200","dhaR,dhaM,dhaL,dhaK",dhaL,-1.8088467614533965,1250902.0
3,YeaM-1,yeam + M9,1250883,1250921,3.738747,"b1201,b1198,b1199,b1200","dhaR,dhaM,dhaL,dhaK",dhaK,-0.059757236227824466,1250902.0
4,YeaM-2,yeam + M9,1875914,1875959,4.89,"b1791,b1790","yeaN,yeaM",yeaN,0.22377326565143824,1875936.5
5,YeaM-2,yeam + M9,1875914,1875959,4.89,"b1791,b1790","yeaN,yeaM",yeaM,-0.43856447688564476,1875936.5
6,YeaM-3,yeam + M9,3982780,3982824,5.06,b3800,aslB,aslB,-0.12540453074433658,3982802.0
