,index,condition,binding_peak_start,binding_peak_end,binding_peak_strength,target_locus,target_genes,closest_gene,gene,normalized_dist,binding_peak_center
0,YheO-1,yheo + M9,169871,169917,3.3,"b0151,b0152,b0153","fhuC,fhuD,fhuB",fhuC,fhuC,0.14661654135338345,169894.0
1,YheO-2,yheo + M9,660252,660295,19.75,b0628,lipA,lipA,lipA,-0.05952380952380952,660273.5
2,YheO-3,yheo + M9,660263,660304,19.35,b0628,lipA,lipA,lipA,-0.06987577639751552,660283.5
3,YheO-4,yheo + M9,1443033,1443078,27.17,"b1381,b1382,b1383,b1380","ydbH,ynbE,ydbL,ldhA",ydbH,ydbH,0.0020833333333333333,1443055.5
4,YheO-5,yheo + M9,1500527,1500575,5.28,"b1429,b1430,b1428","tehA,tehB,ydcK",tehA,tehA,-0.021148036253776436,1500551.0
5,YheO-6,yheo + M9,2413131,2413173,101.47,"b2296,b2297,b2295","ackA,pta,yfbV",yfbV,yfbV,-0.043859649122807015,2413152.0
6,YheO-7,yheo + M9,2413141,2413183,102.83,"b2296,b2297,b2295","ackA,pta,yfbV",yfbV,yfbV,-0.06578947368421052,2413162.0
7,YheO-8,yheo + M9,3891510,3891557,13.1,b3710,mdtL,tnaB,tnaB,1.0404647435897436,3891533.5
