,index,condition,binding_peak_start,binding_peak_end,binding_peak_strength,target_locus,target_genes,gene,normalized_dist,binding_peak_center
0,YpdC-1,ypdc + glc,1251219,1251255,1.19,"b1201,b1198,b1199,b1200","dhaR,dhaM,dhaL,dhaK",dhaR,0.08958333333333333,1251237.0
1,YpdC-1,ypdc + glc,1251219,1251255,1.19,"b1201,b1198,b1199,b1200","dhaR,dhaM,dhaL,dhaK",dhaM,-1.496124031007752,1251237.0
2,YpdC-1,ypdc + glc,1251219,1251255,1.19,"b1201,b1198,b1199,b1200","dhaR,dhaM,dhaL,dhaK",dhaL,-2.338072669826224,1251237.0
3,YpdC-1,ypdc + glc,1251219,1251255,1.19,"b1201,b1198,b1199,b1200","dhaR,dhaM,dhaL,dhaK",dhaK,-0.37254901960784315,1251237.0
4,YpdC-3,ypdc + glc,3891197,3891231,3.34,b3710,mdtL,mdtL,-0.3401360544217687,3891214.0
