,position-1,position-2,position-3,position-4,position-5,position-6,position-7,position-8,position-9,position-10,position-11,position-12,position-13,position-14,position-15
A,0.034483,0.0,0.517241,0.827586,0.137931,0.793103,0.965517,0.586207,0.172414,0.827586,0.241379,0.034483,0.0,0.965517,0.482759
C,0.206897,0.034483,0.37931,0.068966,0.0,0.0,0.0,0.103448,0.206897,0.0,0.0,0.0,0.896552,0.0,0.103448
G,0.103448,0.965517,0.034483,0.103448,0.0,0.034483,0.0,0.068966,0.068966,0.0,0.068966,0.551724,0.034483,0.034483,0.310345
T,0.655172,0.0,0.068966,0.0,0.862069,0.172414,0.034483,0.241379,0.551724,0.172414,0.689655,0.413793,0.068966,0.0,0.103448
