,position-1,position-2,position-3,position-4,position-5,position-6,position-7,position-8,position-9,position-10,position-11,position-12,position-13,position-14
A,0.0,0.0,0.37037,0.666667,0.111111,0.555556,0.259259,0.074074,0.0,0.777778,0.0,0.259259,0.0,0.62963
C,0.148148,0.0,0.518519,0.0,0.0,0.074074,0.074074,0.0,0.185185,0.0,0.148148,0.0,0.888889,0.111111
G,0.074074,1.0,0.074074,0.0,0.0,0.148148,0.185185,0.0,0.0,0.0,0.074074,0.37037,0.111111,0.259259
T,0.777778,0.0,0.037037,0.333333,0.888889,0.222222,0.481481,0.925926,0.814815,0.222222,0.777778,0.37037,0.0,0.0
