,position-1,position-2,position-3,position-4,position-5,position-6,position-7,position-8,position-9,position-10,position-11,position-12,position-13,position-14,position-15,position-16,position-17,position-18,position-19,position-20,position-21,position-22,position-23,position-24,position-25,position-26,position-27,position-28,position-29
A,0.041667,0.291667,0.083333,0.166667,0.0,0.0,0.0,0.083333,0.083333,0.166667,1.0,0.416667,0.0,0.041667,0.0,0.208333,0.083333,0.0,0.125,0.291667,0.0,0.5,0.083333,0.0,0.291667,0.625,0.0,0.083333,1.0
C,0.833333,0.041667,0.333333,0.208333,0.041667,0.166667,0.0,0.0,0.791667,0.083333,0.0,0.041667,0.083333,0.958333,1.0,0.208333,0.291667,0.458333,0.708333,0.333333,0.291667,0.291667,0.291667,0.416667,0.5,0.083333,0.958333,0.916667,0.0
G,0.0,0.666667,0.416667,0.375,0.875,0.833333,0.083333,0.0,0.083333,0.625,0.0,0.375,0.0,0.0,0.0,0.291667,0.416667,0.166667,0.0,0.166667,0.458333,0.166667,0.458333,0.583333,0.125,0.291667,0.041667,0.0,0.0
T,0.125,0.0,0.166667,0.25,0.083333,0.0,0.916667,0.916667,0.041667,0.125,0.0,0.166667,0.916667,0.0,0.0,0.291667,0.208333,0.375,0.166667,0.208333,0.25,0.041667,0.166667,0.0,0.083333,0.0,0.0,0.0,0.0
