,position-1,position-2,position-3,position-4,position-5,position-6,position-7,position-8,position-9,position-10,position-11,position-12,position-13,position-14,position-15,position-16,position-17,position-18,position-19,position-20,position-21,position-22,position-23,position-24,position-25,position-26,position-27,position-28,position-29,position-30,position-31,position-32,position-33,position-34,position-35,position-36,position-37,position-38,position-39,position-40
A,0.75,0.333333,0.0,0.666667,0.0,0.0,0.166667,0.0,0.333333,0.0,0.0,0.083333,0.416667,0.083333,0.916667,0.833333,0.0,0.0,0.25,0.166667,0.25,0.416667,0.0,0.083333,0.0,0.0,0.166667,0.0,0.25,0.083333,0.0,0.0,0.0,0.0,0.166667,1.0,0.333333,0.0,0.0,0.0
C,0.25,0.0,0.833333,0.0,0.5,0.666667,0.083333,0.416667,0.333333,0.583333,0.0,0.333333,0.166667,0.333333,0.0,0.083333,0.333333,0.583333,0.5,0.166667,0.083333,0.083333,0.0,0.0,0.0,1.0,0.083333,0.333333,0.25,0.0,0.0,0.0,0.0,1.0,0.0,0.0,0.083333,0.083333,1.0,0.916667
G,0.0,0.5,0.0,0.333333,0.25,0.166667,0.5,0.583333,0.333333,0.0,0.0,0.5,0.166667,0.166667,0.083333,0.0,0.333333,0.416667,0.083333,0.666667,0.5,0.5,0.75,0.916667,0.0,0.0,0.75,0.333333,0.166667,0.916667,1.0,0.0,0.0,0.0,0.833333,0.0,0.416667,0.0,0.0,0.0
T,0.0,0.166667,0.166667,0.0,0.25,0.166667,0.25,0.0,0.0,0.416667,1.0,0.083333,0.25,0.416667,0.0,0.083333,0.333333,0.0,0.166667,0.0,0.166667,0.0,0.25,0.0,1.0,0.0,0.0,0.333333,0.333333,0.0,0.0,1.0,1.0,0.0,0.0,0.0,0.166667,0.916667,0.0,0.083333
