,position-1,position-2,position-3,position-4,position-5,position-6,position-7,position-8
A,0.482759,0.0,0.0,0.0,1.0,1.0,1.0,0.155172
C,0.0,0.189655,0.0,0.0,0.0,0.0,0.0,0.051724
G,0.189655,0.0,1.0,0.0,0.0,0.0,0.0,0.637931
T,0.327586,0.810345,0.0,1.0,0.0,0.0,0.0,0.155172
