,position-1,position-2,position-3,position-4,position-5,position-6,position-7,position-8,position-9,position-10,position-11,position-12,position-13,position-14,position-15,position-16,position-17,position-18,position-19,position-20
A,0.128205,0.333333,0.461538,0.179487,0.153846,0.102564,0.769231,0.717949,0.230769,0.0,0.025641,0.666667,0.076923,0.0,0.051282,0.923077,0.051282,0.051282,0.435897,0.512821
C,0.461538,0.179487,0.153846,0.333333,0.076923,0.0,0.025641,0.205128,0.179487,0.974359,0.051282,0.076923,0.0,0.102564,0.948718,0.076923,0.051282,0.666667,0.102564,0.153846
G,0.307692,0.205128,0.384615,0.076923,0.128205,0.641026,0.051282,0.025641,0.051282,0.025641,0.897436,0.0,0.051282,0.051282,0.0,0.0,0.897436,0.0,0.102564,0.153846
T,0.102564,0.282051,0.0,0.410256,0.641026,0.25641,0.153846,0.051282,0.538462,0.0,0.025641,0.25641,0.871795,0.846154,0.0,0.0,0.0,0.282051,0.358974,0.179487
