,position-1,position-2,position-3,position-4,position-5,position-6,position-7,position-8,position-9,position-10,position-11,position-12,position-13,position-14,position-15,position-16
A,0.34375,0.0,0.0,0.0,1.0,0.90625,0.34375,0.0,0.0,0.53125,0.0625,0.1875,0.25,0.78125,0.40625,0.0
C,0.0,0.96875,0.0,0.0,0.0,0.09375,0.0,0.96875,0.09375,0.09375,0.03125,0.0625,0.65625,0.0,0.09375,0.5
G,0.625,0.03125,0.125,0.9375,0.0,0.0,0.0625,0.0,0.90625,0.21875,0.0625,0.03125,0.0,0.09375,0.34375,0.09375
T,0.03125,0.0,0.875,0.0625,0.0,0.0,0.59375,0.03125,0.0,0.15625,0.84375,0.71875,0.09375,0.125,0.15625,0.40625
