,position-1,position-2,position-3,position-4,position-5,position-6,position-7,position-8,position-9,position-10,position-11,position-12,position-13,position-14,position-15,position-16,position-17,position-18
A,0.318182,0.0,0.0,0.0,1.0,0.818182,0.409091,0.0,0.136364,0.727273,0.045455,0.136364,0.272727,0.727273,0.227273,0.045455,0.590909,0.454545
C,0.090909,0.727273,0.045455,0.0,0.0,0.181818,0.136364,1.0,0.181818,0.090909,0.0,0.0,0.681818,0.136364,0.090909,0.590909,0.0,0.045455
G,0.545455,0.0,0.045455,1.0,0.0,0.0,0.045455,0.0,0.681818,0.045455,0.0,0.045455,0.0,0.0,0.545455,0.181818,0.090909,0.409091
T,0.045455,0.272727,0.909091,0.0,0.0,0.0,0.409091,0.0,0.0,0.136364,0.954545,0.818182,0.045455,0.136364,0.136364,0.181818,0.318182,0.090909
