,position-1,position-2,position-3,position-4,position-5,position-6,position-7,position-8,position-9,position-10,position-11,position-12,position-13,position-14,position-15,position-16,position-17,position-18,position-19,position-20,position-21,position-22,position-23,position-24,position-25,position-26,position-27,position-28,position-29,position-30,position-31,position-32,position-33,position-34,position-35,position-36,position-37,position-38,position-39,position-40,position-41
A,0.0,0.0,0.0,1.0,0.0,0.0,0.111111,0.111111,0.0,0.0,0.0,0.111111,1.0,0.0,1.0,1.0,0.833333,0.888889,0.055556,0.055556,0.0,0.055556,0.166667,0.166667,0.888889,1.0,1.0,0.111111,0.0,0.0,1.0,0.944444,0.055556,0.888889,0.277778,0.944444,0.0,0.0,0.0,0.111111,0.833333
C,0.944444,0.0,0.0,0.0,0.055556,1.0,0.888889,0.0,0.0,1.0,0.944444,0.0,0.0,0.944444,0.0,0.0,0.0,0.0,0.111111,0.722222,0.166667,0.0,0.055556,0.722222,0.0,0.0,0.0,0.055556,0.0,1.0,0.0,0.0,0.111111,0.0,0.111111,0.0,0.0,0.0,0.0,0.888889,0.055556
G,0.055556,0.0,0.0,0.0,0.0,0.0,0.0,0.888889,1.0,0.0,0.0,0.0,0.0,0.0,0.0,0.0,0.166667,0.055556,0.055556,0.0,0.833333,0.0,0.777778,0.0,0.055556,0.0,0.0,0.0,0.0,0.0,0.0,0.055556,0.0,0.111111,0.055556,0.055556,0.0,0.0,1.0,0.0,0.0
T,0.0,1.0,1.0,0.0,0.944444,0.0,0.0,0.0,0.0,0.0,0.055556,0.888889,0.0,0.055556,0.0,0.0,0.0,0.055556,0.777778,0.222222,0.0,0.944444,0.0,0.111111,0.055556,0.0,0.0,0.833333,1.0,0.0,0.0,0.0,0.833333,0.0,0.555556,0.0,1.0,1.0,0.0,0.0,0.111111
