,position-1,position-2,position-3,position-4,position-5,position-6,position-7,position-8,position-9,position-10,position-11,position-12,position-13,position-14,position-15,position-16
A,0.020747,0.170124,0.155602,0.020747,0.556017,0.26556,0.174274,0.157676,0.087137,0.089212,0.03112,0.307054,0.539419,0.130705,0.010373,0.539419
C,0.012448,0.290456,0.251037,0.304979,0.10166,0.095436,0.049793,0.051867,0.068465,0.095436,0.141079,0.338174,0.141079,0.346473,0.989627,0.070539
G,0.962656,0.292531,0.153527,0.317427,0.267635,0.056017,0.022822,0.010373,0.033195,0.109959,0.037344,0.348548,0.182573,0.248963,0.0,0.236515
T,0.004149,0.246888,0.439834,0.356846,0.074689,0.582988,0.753112,0.780083,0.811203,0.705394,0.790456,0.006224,0.136929,0.273859,0.0,0.153527
