,position-1,position-2,position-3,position-4,position-5,position-6,position-7,position-8,position-9,position-10,position-11,position-12,position-13,position-14,position-15,position-16
A,0.103512,0.018484,0.231054,0.144177,0.007394,0.534196,0.273567,0.247689,0.101664,0.086876,0.149723,0.038817,0.304991,0.469501,0.121996,0.003697
C,0.310536,0.001848,0.292052,0.236599,0.338262,0.088725,0.121996,0.031423,0.031423,0.10536,0.086876,0.195933,0.406654,0.144177,0.334566,0.990758
G,0.103512,0.979667,0.284658,0.166359,0.334566,0.299445,0.075786,0.016636,0.011091,0.062847,0.077634,0.038817,0.279113,0.231054,0.31793,0.001848
T,0.48244,0.0,0.192237,0.452865,0.319778,0.077634,0.528651,0.704251,0.855823,0.744917,0.685767,0.726433,0.009242,0.155268,0.225508,0.003697
