,position-1,position-2,position-3,position-4,position-5,position-6,position-7,position-8,position-9,position-10,position-11,position-12,position-13,position-14,position-15,position-16
A,0.096667,0.038333,0.218333,0.151667,0.01,0.515,0.27,0.243333,0.1,0.096667,0.138333,0.051667,0.296667,0.471667,0.131667,0.01
C,0.311667,0.006667,0.27,0.223333,0.326667,0.1,0.118333,0.021667,0.048333,0.101667,0.091667,0.176667,0.385,0.153333,0.305,0.971667
G,0.091667,0.951667,0.3,0.161667,0.34,0.29,0.11,0.036667,0.031667,0.093333,0.051667,0.04,0.3,0.213333,0.326667,0.015
T,0.5,0.003333,0.211667,0.463333,0.323333,0.095,0.501667,0.698333,0.82,0.708333,0.718333,0.731667,0.018333,0.161667,0.236667,0.003333
