,position-1,position-2,position-3,position-4,position-5,position-6,position-7,position-8,position-9,position-10,position-11,position-12,position-13,position-14,position-15
A,0.0,0.147982,0.159193,0.013453,0.567265,0.275785,0.174888,0.163677,0.098655,0.123318,0.022422,0.289238,0.533632,0.147982,0.0
C,0.0,0.302691,0.26009,0.29148,0.100897,0.112108,0.05157,0.058296,0.076233,0.09417,0.143498,0.340807,0.139013,0.336323,1.0
G,1.0,0.316143,0.143498,0.347534,0.257848,0.058296,0.008969,0.0,0.038117,0.116592,0.035874,0.369955,0.174888,0.237668,0.0
T,0.0,0.233184,0.43722,0.347534,0.073991,0.553812,0.764574,0.778027,0.786996,0.665919,0.798206,0.0,0.152466,0.278027,0.0
