,position-1,position-2,position-3,position-4,position-5,position-6,position-7,position-8,position-9,position-10,position-11,position-12,position-13,position-14,position-15,position-16,position-17,position-18,position-19,position-20,position-21,position-22,position-23,position-24,position-25,position-26,position-27,position-28,position-29,position-30,position-31
A,0.307692,0.0,0.0,0.115385,0.384615,0.038462,1.0,0.653846,0.038462,0.0,0.384615,0.153846,0.076923,0.384615,0.076923,0.0,0.0,0.0,0.192308,0.0,0.192308,0.038462,0.0,0.0,0.0,0.0,0.115385,1.0,0.346154,0.0,0.0
C,0.461538,0.653846,0.0,0.153846,0.153846,0.423077,0.0,0.192308,0.192308,0.692308,0.384615,0.076923,0.038462,0.192308,0.0,0.0,0.0,1.0,0.115385,0.346154,0.346154,0.0,0.0,0.0,0.0,1.0,0.0,0.0,0.0,0.269231,1.0
G,0.192308,0.0,0.0,0.423077,0.115385,0.230769,0.0,0.0,0.461538,0.307692,0.153846,0.692308,0.730769,0.384615,0.692308,0.923077,0.0,0.0,0.576923,0.461538,0.153846,0.961538,1.0,0.0,0.0,0.0,0.884615,0.0,0.346154,0.0,0.0
T,0.038462,0.346154,1.0,0.307692,0.346154,0.307692,0.0,0.153846,0.307692,0.0,0.076923,0.076923,0.153846,0.038462,0.230769,0.076923,1.0,0.0,0.115385,0.192308,0.307692,0.0,0.0,1.0,1.0,0.0,0.0,0.0,0.307692,0.730769,0.0
