,position-1,position-2,position-3,position-4,position-5,position-6,position-7,position-8,position-9,position-10,position-11,position-12,position-13,position-14,position-15,position-16,position-17,position-18,position-19,position-20,position-21
A,0.060606,0.045455,0.757576,0.181818,0.878788,0.69697,0.106061,0.378788,0.666667,0.075758,0.257576,0.439394,0.030303,0.045455,0.69697,0.424242,0.212121,0.348485,0.19697,0.227273,0.272727
C,0.106061,0.060606,0.090909,0.030303,0.060606,0.045455,0.151515,0.015152,0.090909,0.045455,0.030303,0.348485,0.106061,0.69697,0.045455,0.0,0.136364,0.348485,0.318182,0.212121,0.090909
G,0.090909,0.893939,0.121212,0.606061,0.045455,0.181818,0.030303,0.575758,0.181818,0.212121,0.060606,0.090909,0.242424,0.030303,0.19697,0.060606,0.060606,0.151515,0.151515,0.348485,0.5
T,0.742424,0.0,0.030303,0.181818,0.015152,0.075758,0.712121,0.030303,0.060606,0.666667,0.651515,0.121212,0.621212,0.227273,0.060606,0.515152,0.590909,0.151515,0.333333,0.212121,0.136364
