,position-1,position-2,position-3,position-4,position-5,position-6,position-7,position-8,position-9,position-10,position-11,position-12,position-13,position-14,position-15,position-16,position-17,position-18,position-19,position-20
A,0.639344,0.47541,0.016393,0.065574,0.803279,0.196721,0.934426,0.754098,0.114754,0.295082,0.754098,0.098361,0.163934,0.508197,0.016393,0.065574,0.770492,0.377049,0.196721,0.344262
C,0.131148,0.131148,0.114754,0.04918,0.081967,0.0,0.032787,0.016393,0.163934,0.016393,0.04918,0.098361,0.04918,0.245902,0.114754,0.688525,0.016393,0.0,0.098361,0.360656
G,0.180328,0.196721,0.114754,0.885246,0.114754,0.672131,0.0,0.131148,0.04918,0.639344,0.163934,0.196721,0.081967,0.114754,0.196721,0.0,0.196721,0.032787,0.098361,0.098361
T,0.04918,0.196721,0.754098,0.0,0.0,0.131148,0.032787,0.098361,0.672131,0.04918,0.032787,0.606557,0.704918,0.131148,0.672131,0.245902,0.016393,0.590164,0.606557,0.196721
