,position-1,position-2,position-3,position-4,position-5,position-6,position-7,position-8,position-9,position-10,position-11,position-12,position-13,position-14
A,0.114286,0.085714,0.6,0.0,0.0,0.271429,0.0,0.0,0.942857,0.428571,0.271429,0.028571,0.6,0.071429
C,0.314286,0.385714,0.028571,0.014286,0.0,0.728571,0.028571,1.0,0.0,0.0,0.171429,0.971429,0.085714,0.4
G,0.142857,0.171429,0.185714,0.0,0.0,0.0,0.042857,0.0,0.042857,0.014286,0.028571,0.0,0.057143,0.285714
T,0.428571,0.357143,0.185714,0.985714,1.0,0.0,0.928571,0.0,0.014286,0.557143,0.528571,0.0,0.257143,0.242857
