,position-1,position-2,position-3,position-4,position-5,position-6,position-7,position-8,position-9,position-10,position-11,position-12,position-13,position-14
A,0.109589,0.09589,0.643836,0.013699,0.0,0.260274,0.0,0.0,0.945205,0.424658,0.260274,0.041096,0.616438,0.068493
C,0.328767,0.383562,0.027397,0.013699,0.0,0.739726,0.027397,0.972603,0.0,0.0,0.178082,0.958904,0.082192,0.39726
G,0.136986,0.150685,0.164384,0.0,0.0,0.0,0.027397,0.0,0.041096,0.027397,0.027397,0.0,0.054795,0.315068
T,0.424658,0.369863,0.164384,0.972603,1.0,0.0,0.945205,0.027397,0.013699,0.547945,0.534247,0.0,0.246575,0.219178
