,position-1,position-2,position-3,position-4,position-5,position-6,position-7,position-8,position-9,position-10,position-11,position-12,position-13,position-14,position-15,position-16,position-17,position-18,position-19
A,0.136364,0.136364,0.0,0.0,0.954545,0.136364,0.0,0.0,0.0,0.045455,0.0,0.863636,0.0,0.954545,1.0,0.0,0.272727,0.045455,0.0
C,0.409091,0.181818,0.045455,0.045455,0.0,0.0,0.0,0.636364,0.909091,0.045455,0.0,0.045455,0.0,0.045455,0.0,0.0,0.045455,0.727273,0.0
G,0.045455,0.045455,0.954545,0.0,0.045455,0.818182,1.0,0.0,0.0,0.590909,1.0,0.0,0.227273,0.0,0.0,1.0,0.681818,0.045455,1.0
T,0.409091,0.636364,0.0,0.954545,0.0,0.045455,0.0,0.363636,0.090909,0.318182,0.0,0.090909,0.772727,0.0,0.0,0.0,0.0,0.181818,0.0
