,position-1,position-2,position-3,position-4,position-5,position-6,position-7,position-8,position-9,position-10,position-11,position-12,position-13,position-14,position-15,position-16,position-17,position-18
A,0.333333,0.0,0.083333,0.0,0.0,0.083333,0.0,1.0,0.0,0.0,0.416667,0.083333,0.0,0.0,0.0,0.0,1.0,0.0
C,0.0,1.0,0.0,0.416667,0.916667,0.0,0.0,0.0,0.083333,1.0,0.416667,0.0,0.25,1.0,0.916667,0.0,0.0,1.0
G,0.666667,0.0,0.916667,0.0,0.083333,0.0,0.083333,0.0,0.0,0.0,0.083333,0.916667,0.75,0.0,0.0,0.0,0.0,0.0
T,0.0,0.0,0.0,0.583333,0.0,0.916667,0.916667,0.0,0.916667,0.0,0.083333,0.0,0.0,0.0,0.083333,1.0,0.0,0.0
