,position-1,position-2,position-3,position-4,position-5,position-6,position-7,position-8,position-9,position-10,position-11,position-12,position-13,position-14,position-15
A,0.082375,0.890805,0.616858,0.164751,0.233716,0.076628,0.145594,0.132184,0.0,0.011494,0.714559,0.33908,0.350575,0.371648,0.258621
C,0.296935,0.0,0.017241,0.377395,0.256705,0.310345,0.304598,0.32567,0.0,0.032567,0.003831,0.0,0.084291,0.095785,0.181992
G,0.159004,0.003831,0.078544,0.264368,0.126437,0.203065,0.517241,0.015326,0.024904,0.955939,0.019157,0.028736,0.090038,0.103448,0.090038
T,0.461686,0.105364,0.287356,0.193487,0.383142,0.409962,0.032567,0.52682,0.975096,0.0,0.262452,0.632184,0.475096,0.429119,0.469349
