,position-1,position-2,position-3,position-4,position-5,position-6,position-7,position-8,position-9,position-10,position-11,position-12,position-13,position-14,position-15,position-16
A,0.220736,0.272575,0.423077,0.397993,0.428094,0.578595,0.212375,0.0,0.921405,0.481605,0.043478,0.394649,0.399666,0.17893,0.254181,0.093645
C,0.108696,0.225753,0.103679,0.102007,0.103679,0.045151,0.043478,0.973244,0.055184,0.031773,0.516722,0.212375,0.148829,0.29097,0.070234,0.018395
G,0.331104,0.259197,0.187291,0.091973,0.098662,0.023411,0.013378,0.026756,0.005017,0.369565,0.279264,0.30602,0.240803,0.322742,0.045151,0.0
T,0.339465,0.242475,0.285953,0.408027,0.369565,0.352843,0.730769,0.0,0.018395,0.117057,0.160535,0.086957,0.210702,0.207358,0.630435,0.88796
