,position-1,position-2,position-3,position-4,position-5,position-6,position-7,position-8,position-9,position-10,position-11,position-12,position-13,position-14,position-15,position-16,position-17,position-18,position-19,position-20,position-21
A,0.148936,0.134752,0.056738,0.978723,0.780142,0.092199,0.241135,0.106383,0.297872,0.085106,0.035461,0.056738,0.794326,0.361702,0.368794,0.205674,0.234043,0.347518,0.340426,0.411348,0.056738
C,0.219858,0.141844,0.347518,0.0,0.007092,0.510638,0.212766,0.205674,0.12766,0.212766,0.0,0.007092,0.0,0.007092,0.028369,0.099291,0.198582,0.148936,0.326241,0.0,0.276596
G,0.184397,0.425532,0.014184,0.021277,0.035461,0.120567,0.06383,0.205674,0.446809,0.014184,0.0,0.93617,0.056738,0.035461,0.028369,0.049645,0.028369,0.205674,0.035461,0.078014,0.602837
T,0.446809,0.297872,0.58156,0.0,0.177305,0.276596,0.48227,0.48227,0.12766,0.687943,0.964539,0.0,0.148936,0.595745,0.574468,0.64539,0.539007,0.297872,0.297872,0.510638,0.06383
