,position-1,position-2,position-3,position-4,position-5,position-6,position-7,position-8,position-9,position-10,position-11,position-12,position-13,position-14,position-15,position-16,position-17,position-18,position-19,position-20,position-21
A,0.1875,0.03125,0.1875,0.0,1.0,0.875,0.03125,0.1875,0.0625,0.34375,0.0,0.0,0.03125,0.84375,0.21875,0.25,0.28125,0.21875,0.1875,0.28125,0.40625
C,0.25,0.09375,0.09375,0.375,0.0,0.0,0.53125,0.15625,0.25,0.125,0.125,0.0,0.0,0.0,0.0,0.0,0.0625,0.125,0.1875,0.21875,0.0
G,0.0625,0.1875,0.5,0.0,0.0,0.0,0.09375,0.15625,0.0625,0.53125,0.03125,0.0,0.96875,0.0,0.03125,0.0,0.0,0.0,0.3125,0.0625,0.0
T,0.5,0.6875,0.21875,0.625,0.0,0.125,0.34375,0.5,0.625,0.0,0.84375,1.0,0.0,0.15625,0.75,0.75,0.65625,0.65625,0.3125,0.4375,0.59375
