,position-1,position-2,position-3,position-4,position-5,position-6,position-7,position-8,position-9,position-10,position-11,position-12,position-13,position-14,position-15,position-16,position-17,position-18,position-19,position-20,position-21,position-22,position-23,position-24,position-25,position-26,position-27,position-28,position-29
A,0.043478,0.0,0.0,0.0,0.086957,0.869565,0.0,0.956522,0.956522,0.0,0.0,0.0,0.043478,0.0,0.0,0.0,0.869565,0.0,0.043478,0.0,0.0,0.043478,0.0,1.0,0.0,0.0,0.043478,0.0,0.043478
C,0.0,0.956522,0.956522,0.0,0.0,0.0,0.0,0.043478,0.0,0.043478,0.0,0.913043,0.0,0.086957,0.0,0.608696,0.0,0.956522,0.0,0.956522,0.956522,0.0,0.956522,0.0,0.0,1.0,0.956522,0.0,0.0
G,0.956522,0.0,0.0,0.913043,0.913043,0.130435,0.0,0.0,0.043478,0.956522,1.0,0.0,0.956522,0.0,0.0,0.0,0.130435,0.0,0.956522,0.0,0.043478,0.956522,0.0,0.0,0.0,0.0,0.0,1.0,0.956522
T,0.0,0.043478,0.043478,0.086957,0.0,0.0,1.0,0.0,0.0,0.0,0.0,0.086957,0.0,0.913043,1.0,0.391304,0.0,0.043478,0.0,0.043478,0.0,0.0,0.043478,0.0,1.0,0.0,0.0,0.0,0.0
