,position-1,position-2,position-3,position-4,position-5,position-6,position-7,position-8,position-9,position-10,position-11,position-12,position-13,position-14,position-15,position-16
A,0.561983,0.528926,0.570248,0.677686,0.198347,0.0,1.0,0.727273,0.090909,0.438017,0.495868,0.22314,0.198347,0.0,0.61157,0.31405
C,0.033058,0.057851,0.049587,0.0,0.041322,0.991736,0.0,0.0,0.471074,0.165289,0.107438,0.181818,0.0,0.0,0.024793,0.363636
G,0.198347,0.099174,0.0,0.024793,0.0,0.008264,0.0,0.173554,0.231405,0.272727,0.239669,0.570248,0.0,0.008264,0.297521,0.132231
T,0.206612,0.31405,0.380165,0.297521,0.760331,0.0,0.0,0.099174,0.206612,0.123967,0.157025,0.024793,0.801653,0.991736,0.066116,0.190083
