,position-1,position-2,position-3,position-4,position-5,position-6,position-7,position-8,position-9,position-10,position-11,position-12,position-13,position-14,position-15
A,0.064516,1.0,0.576037,0.124424,0.21659,0.099078,0.145161,0.092166,0.0,0.0,0.771889,0.329493,0.354839,0.297235,0.288018
C,0.375576,0.0,0.059908,0.423963,0.221198,0.313364,0.288018,0.317972,0.0,0.002304,0.0,0.071429,0.080645,0.087558,0.177419
G,0.064516,0.0,0.073733,0.225806,0.175115,0.209677,0.536866,0.0,0.0,0.997696,0.006912,0.025346,0.082949,0.117512,0.089862
T,0.495392,0.0,0.290323,0.225806,0.387097,0.37788,0.029954,0.589862,1.0,0.0,0.221198,0.573733,0.481567,0.497696,0.4447
