,position-1,position-2,position-3,position-4,position-5,position-6,position-7,position-8,position-9,position-10,position-11,position-12,position-13,position-14,position-15,position-16,position-17,position-18,position-19,position-20,position-21,position-22,position-23,position-24,position-25,position-26,position-27,position-28,position-29
A,0.423077,0.730769,0.0,0.384615,0.384615,0.0,0.269231,0.269231,0.346154,0.615385,0.961538,0.230769,0.692308,0.269231,0.615385,0.615385,0.269231,0.384615,1.0,0.230769,0.653846,0.0,0.115385,0.538462,0.692308,0.615385,0.0,0.384615,0.076923
C,0.076923,0.115385,0.692308,0.0,0.384615,0.961538,0.038462,0.0,0.653846,0.269231,0.0,0.076923,0.192308,0.153846,0.115385,0.115385,0.038462,0.384615,0.0,0.038462,0.269231,0.0,0.038462,0.153846,0.307692,0.038462,0.192308,0.076923,0.461538
G,0.5,0.076923,0.076923,0.346154,0.153846,0.0,0.192308,0.730769,0.0,0.115385,0.038462,0.461538,0.038462,0.230769,0.115385,0.269231,0.307692,0.076923,0.0,0.615385,0.076923,0.730769,0.846154,0.307692,0.0,0.076923,0.230769,0.538462,0.230769
T,0.0,0.076923,0.230769,0.269231,0.076923,0.038462,0.5,0.0,0.0,0.0,0.0,0.230769,0.076923,0.346154,0.153846,0.0,0.384615,0.153846,0.0,0.115385,0.0,0.269231,0.0,0.0,0.0,0.269231,0.576923,0.0,0.230769
