,position-1,position-2,position-3,position-4,position-5,position-6,position-7,position-8,position-9,position-10,position-11,position-12,position-13,position-14,position-15,position-16,position-17,position-18
A,0.391986,0.182927,0.301394,0.400697,0.493031,0.498258,0.567944,0.222997,0.001742,0.939024,0.54007,0.059233,0.339721,0.425087,0.186411,0.259582,0.052265,0.552265
C,0.146341,0.074913,0.21777,0.121951,0.120209,0.087108,0.038328,0.029617,0.902439,0.041812,0.019164,0.529617,0.21777,0.174216,0.25784,0.074913,0.031359,0.055749
G,0.08885,0.367596,0.238676,0.184669,0.116725,0.08885,0.066202,0.008711,0.027875,0.010453,0.311847,0.275261,0.344948,0.228223,0.409408,0.055749,0.003484,0.327526
T,0.372822,0.374564,0.24216,0.292683,0.270035,0.325784,0.327526,0.738676,0.067944,0.008711,0.12892,0.135889,0.097561,0.172474,0.146341,0.609756,0.912892,0.06446
