,position-1,position-2,position-3,position-4,position-5,position-6,position-7,position-8,position-9,position-10,position-11,position-12,position-13,position-14,position-15,position-16,position-17,position-18,position-19,position-20,position-21,position-22,position-23,position-24,position-25,position-26,position-27,position-28
A,0.837838,0.837838,0.135135,0.648649,0.648649,0.594595,0.324324,0.783784,0.0,0.0,0.054054,0.837838,0.216216,0.108108,0.27027,0.297297,0.486486,0.459459,0.351351,0.081081,0.027027,0.162162,0.837838,0.189189,0.486486,0.594595,0.486486,0.405405
C,0.162162,0.0,0.081081,0.081081,0.081081,0.081081,0.162162,0.081081,0.189189,0.0,0.783784,0.054054,0.243243,0.027027,0.135135,0.054054,0.054054,0.0,0.081081,0.054054,0.081081,0.72973,0.0,0.0,0.081081,0.0,0.135135,0.0
G,0.0,0.054054,0.027027,0.108108,0.135135,0.027027,0.0,0.0,0.054054,0.459459,0.0,0.081081,0.135135,0.324324,0.108108,0.027027,0.027027,0.0,0.054054,0.0,0.864865,0.081081,0.081081,0.0,0.135135,0.081081,0.0,0.108108
T,0.0,0.108108,0.756757,0.162162,0.135135,0.297297,0.513514,0.135135,0.756757,0.540541,0.162162,0.027027,0.405405,0.540541,0.486486,0.621622,0.432432,0.540541,0.513514,0.864865,0.027027,0.027027,0.081081,0.810811,0.297297,0.324324,0.378378,0.486486
