,position-1,position-2,position-3,position-4,position-5,position-6,position-7,position-8,position-9,position-10,position-11,position-12,position-13,position-14,position-15
A,0.071429,0.142857,0.142857,1.0,0.785714,0.571429,0.0,0.071429,0.714286,0.0,0.0,0.0,0.714286,0.0,0.0
C,0.428571,0.0,0.0,0.0,0.214286,0.142857,0.928571,0.214286,0.142857,0.0,0.0,1.0,0.214286,0.0,1.0
G,0.0,0.0,0.857143,0.0,0.0,0.0,0.071429,0.714286,0.0,0.071429,0.0,0.0,0.0,0.857143,0.0
T,0.5,0.857143,0.0,0.0,0.0,0.285714,0.0,0.0,0.142857,0.928571,1.0,0.0,0.071429,0.142857,0.0
