,position-1,position-2,position-3,position-4,position-5,position-6,position-7,position-8,position-9,position-10,position-11,position-12,position-13,position-14,position-15,position-16,position-17,position-18,position-19,position-20,position-21,position-22,position-23,position-24,position-25,position-26,position-27,position-28,position-29
A,0.689655,0.62069,0.413793,0.241379,0.0,0.0,0.0,0.068966,0.172414,0.034483,0.172414,0.068966,0.137931,0.137931,0.206897,0.344828,0.034483,0.172414,0.0,0.034483,0.793103,0.172414,0.0,0.103448,0.137931,1.0,0.862069,0.0,0.0
C,0.068966,0.103448,0.034483,0.034483,0.0,0.0,0.0,0.344828,0.034483,0.62069,0.344828,0.344828,0.37931,0.241379,0.0,0.206897,0.517241,0.137931,0.0,0.0,0.0,0.413793,0.0,0.586207,0.0,0.0,0.137931,1.0,0.896552
G,0.034483,0.137931,0.241379,0.344828,0.0,0.862069,1.0,0.0,0.62069,0.310345,0.310345,0.37931,0.482759,0.275862,0.482759,0.413793,0.275862,0.517241,1.0,0.965517,0.068966,0.034483,0.0,0.0,0.862069,0.0,0.0,0.0,0.103448
T,0.206897,0.137931,0.310345,0.37931,1.0,0.137931,0.0,0.586207,0.172414,0.034483,0.172414,0.206897,0.0,0.344828,0.310345,0.034483,0.172414,0.172414,0.0,0.0,0.137931,0.37931,1.0,0.310345,0.0,0.0,0.0,0.0,0.0
