,position-1,position-2,position-3,position-4,position-5,position-6,position-7,position-8,position-9,position-10,position-11,position-12,position-13,position-14,position-15,position-16,position-17,position-18,position-19,position-20,position-21,position-22,position-23,position-24,position-25,position-26,position-27,position-28,position-29,position-30,position-31,position-32,position-33,position-34,position-35,position-36,position-37,position-38,position-39
A,0.678571,0.214286,0.071429,0.321429,0.214286,0.107143,0.25,0.107143,0.035714,0.071429,0.0,0.178571,0.035714,0.285714,0.107143,0.0,0.178571,0.0,0.0,0.071429,0.928571,0.357143,0.0,0.0,0.178571,0.285714,0.25,0.071429,0.214286,0.464286,0.0,0.571429,0.0,0.035714,0.071429,0.571429,0.0,0.0,1.0
C,0.178571,0.071429,0.357143,0.25,0.0,0.25,0.142857,0.0,0.321429,0.035714,0.857143,0.0,0.392857,0.214286,0.0,0.178571,0.0,0.0,1.0,0.0,0.071429,0.107143,0.178571,0.821429,0.714286,0.25,0.214286,0.5,0.535714,0.071429,0.357143,0.357143,0.285714,0.357143,0.821429,0.0,1.0,1.0,0.0
G,0.035714,0.5,0.535714,0.071429,0.428571,0.464286,0.285714,0.535714,0.607143,0.214286,0.0,0.75,0.321429,0.214286,0.892857,0.821429,0.071429,0.0,0.0,0.928571,0.0,0.214286,0.0,0.0,0.0,0.214286,0.321429,0.0,0.0,0.321429,0.392857,0.071429,0.285714,0.607143,0.035714,0.214286,0.0,0.0,0.0
T,0.107143,0.214286,0.035714,0.357143,0.357143,0.178571,0.321429,0.357143,0.035714,0.678571,0.142857,0.071429,0.25,0.285714,0.0,0.0,0.75,1.0,0.0,0.0,0.0,0.321429,0.821429,0.178571,0.107143,0.25,0.214286,0.428571,0.25,0.142857,0.25,0.0,0.428571,0.0,0.071429,0.214286,0.0,0.0,0.0
