,position-1,position-2,position-3,position-4,position-5,position-6,position-7,position-8,position-9,position-10,position-11,position-12,position-13,position-14,position-15
A,0.117647,0.176471,0.117647,1.0,0.941176,0.470588,0.0,0.058824,0.529412,0.0,0.117647,0.0,0.823529,0.0,0.0
C,0.294118,0.0,0.058824,0.0,0.058824,0.117647,0.764706,0.117647,0.176471,0.0,0.0,0.941176,0.176471,0.058824,1.0
G,0.0,0.0,0.823529,0.0,0.0,0.117647,0.176471,0.823529,0.0,0.235294,0.0,0.0,0.0,0.882353,0.0
T,0.588235,0.823529,0.0,0.0,0.0,0.294118,0.058824,0.0,0.294118,0.764706,0.882353,0.058824,0.0,0.058824,0.0
