,position-1,position-2,position-3,position-4,position-5,position-6,position-7,position-8,position-9,position-10,position-11,position-12,position-13,position-14,position-15,position-16,position-17,position-18,position-19,position-20,position-21,position-22,position-23,position-24,position-25
A,0.146341,0.0,0.0,0.0,0.0,0.219512,0.926829,0.243902,0.0,0.0,0.0,0.121951,0.121951,0.073171,0.243902,0.341463,0.0,0.341463,0.121951,0.04878,0.170732,0.609756,0.0,0.073171,1.0
C,0.0,0.0,0.0,0.0,0.926829,0.0,0.073171,0.073171,0.121951,1.0,0.878049,0.390244,0.268293,0.414634,0.365854,0.268293,0.439024,0.414634,0.268293,0.317073,0.756098,0.0,1.0,0.926829,0.0
G,0.853659,1.0,0.146341,0.0,0.0,0.780488,0.0,0.365854,0.0,0.0,0.0,0.268293,0.463415,0.073171,0.0,0.243902,0.292683,0.195122,0.439024,0.634146,0.02439,0.317073,0.0,0.0,0.0
T,0.0,0.0,0.853659,1.0,0.073171,0.0,0.0,0.317073,0.878049,0.0,0.121951,0.219512,0.146341,0.439024,0.390244,0.146341,0.268293,0.04878,0.170732,0.0,0.04878,0.073171,0.0,0.0,0.0
