,position-1,position-2,position-3,position-4,position-5,position-6,position-7,position-8,position-9,position-10,position-11,position-12,position-13
A,0.015625,0.03125,0.0,0.96875,0.015625,0.265625,0.0,0.0,0.0,0.0,0.4375,0.9375,0.0
C,0.0,0.015625,0.015625,0.03125,0.890625,0.234375,0.203125,0.03125,0.0,0.03125,0.453125,0.0,0.828125
G,0.953125,0.0,0.765625,0.0,0.03125,0.4375,0.328125,0.078125,0.921875,0.0,0.015625,0.015625,0.0
T,0.03125,0.953125,0.21875,0.0,0.0625,0.0625,0.46875,0.890625,0.078125,0.96875,0.09375,0.046875,0.171875
