,position-1,position-2,position-3,position-4,position-5,position-6,position-7,position-8,position-9,position-10,position-11,position-12,position-13,position-14,position-15,position-16,position-17,position-18,position-19
A,0.0,0.0,0.0,0.0,0.0,0.944444,0.0,0.0,0.055556,0.111111,0.111111,0.0,0.0,0.0,1.0,0.0,0.888889,1.0,0.777778
C,0.0,1.0,1.0,0.0,0.0,0.0,0.0,1.0,0.944444,0.0,0.0,1.0,1.0,0.0,0.0,1.0,0.0,0.0,0.0
G,1.0,0.0,0.0,0.0,0.0,0.055556,0.0,0.0,0.0,0.888889,0.888889,0.0,0.0,0.0,0.0,0.0,0.111111,0.0,0.111111
T,0.0,0.0,0.0,1.0,1.0,0.0,1.0,0.0,0.0,0.0,0.0,0.0,0.0,1.0,0.0,0.0,0.0,0.0,0.111111
