,position-1,position-2,position-3,position-4,position-5,position-6,position-7,position-8,position-9,position-10,position-11,position-12,position-13,position-14,position-15,position-16,position-17,position-18,position-19,position-20,position-21,position-22,position-23,position-24,position-25,position-26,position-27,position-28,position-29
A,1.0,0.0,0.285714,0.285714,0.142857,0.714286,0.0,0.0,0.714286,0.571429,0.142857,0.428571,0.285714,0.0,0.0,0.714286,0.571429,0.0,0.571429,0.714286,0.0,0.428571,0.0,0.0,1.0,0.714286,1.0,0.0,0.0
C,0.0,0.0,0.714286,0.0,0.857143,0.285714,0.0,0.0,0.285714,0.0,0.857143,0.285714,0.0,0.714286,0.142857,0.0,0.0,0.0,0.285714,0.0,0.571429,0.0,0.285714,0.428571,0.0,0.0,0.0,1.0,0.285714
G,0.0,0.0,0.0,0.714286,0.0,0.0,0.571429,0.142857,0.0,0.0,0.0,0.285714,0.714286,0.285714,0.571429,0.285714,0.0,0.0,0.142857,0.0,0.0,0.571429,0.571429,0.0,0.0,0.0,0.0,0.0,0.0
T,0.0,1.0,0.0,0.0,0.0,0.0,0.428571,0.857143,0.0,0.428571,0.0,0.0,0.0,0.0,0.285714,0.0,0.428571,1.0,0.0,0.285714,0.428571,0.0,0.142857,0.571429,0.0,0.285714,0.0,0.0,0.714286
