,position-1,position-2,position-3,position-4,position-5,position-6,position-7,position-8,position-9,position-10,position-11,position-12,position-13,position-14,position-15,position-16,position-17,position-18,position-19,position-20,position-21,position-22,position-23,position-24,position-25,position-26,position-27,position-28,position-29,position-30,position-31,position-32,position-33,position-34,position-35,position-36,position-37,position-38,position-39,position-40
A,0.032258,0.193548,0.451613,0.193548,0.16129,0.096774,0.0,0.032258,0.0,0.903226,0.032258,0.032258,0.0,0.0,0.032258,0.0,0.935484,0.0,0.967742,1.0,0.032258,0.032258,0.0,0.064516,0.0,0.032258,0.0,0.806452,0.032258,0.032258,0.0,0.0,0.0,0.0,1.0,0.0,0.0,0.064516,0.0,0.064516
C,0.419355,0.064516,0.064516,0.064516,0.096774,0.064516,0.096774,0.032258,0.032258,0.0,0.0,0.0,0.903226,0.935484,0.0,0.0,0.0,0.064516,0.032258,0.0,0.032258,0.0,1.0,0.0,0.096774,0.0,0.612903,0.0,0.935484,0.0,0.935484,0.935484,0.0,0.967742,0.0,0.0,0.967742,0.935484,0.0,0.032258
G,0.290323,0.612903,0.322581,0.064516,0.032258,0.0,0.0,0.870968,0.0,0.032258,0.903226,0.967742,0.032258,0.0,0.903226,1.0,0.064516,0.0,0.0,0.0,0.935484,0.935484,0.0,0.935484,0.0,0.0,0.0,0.16129,0.0,0.967742,0.0,0.032258,1.0,0.0,0.0,0.0,0.0,0.0,1.0,0.903226
T,0.258065,0.129032,0.16129,0.677419,0.709677,0.83871,0.903226,0.064516,0.967742,0.064516,0.064516,0.0,0.064516,0.064516,0.064516,0.0,0.0,0.935484,0.0,0.0,0.0,0.032258,0.0,0.0,0.903226,0.967742,0.387097,0.032258,0.032258,0.0,0.064516,0.032258,0.0,0.032258,0.0,1.0,0.032258,0.0,0.0,0.0
