,position-1,position-2,position-3,position-4,position-5,position-6,position-7,position-8,position-9,position-10,position-11,position-12,position-13,position-14,position-15,position-16,position-17,position-18,position-19,position-20,position-21,position-22,position-23,position-24,position-25,position-26,position-27,position-28,position-29
A,0.0,0.233333,0.0,0.133333,0.066667,0.0,0.0,0.0,0.0,0.3,1.0,0.2,0.0,0.0,0.0,0.2,0.133333,0.033333,0.2,0.266667,0.033333,0.3,0.033333,0.033333,0.166667,0.666667,0.0,0.0,1.0
C,0.7,0.1,0.466667,0.2,0.0,0.0,0.0,0.0,1.0,0.0,0.0,0.1,0.133333,1.0,0.933333,0.466667,0.233333,0.433333,0.5,0.333333,0.466667,0.433333,0.4,0.433333,0.666667,0.0,1.0,1.0,0.0
G,0.0,0.633333,0.366667,0.433333,0.933333,1.0,0.0,0.0,0.0,0.7,0.0,0.5,0.0,0.0,0.0,0.233333,0.5,0.1,0.0,0.2,0.266667,0.133333,0.466667,0.533333,0.033333,0.266667,0.0,0.0,0.0
T,0.3,0.033333,0.166667,0.233333,0.0,0.0,1.0,1.0,0.0,0.0,0.0,0.2,0.866667,0.0,0.066667,0.1,0.133333,0.433333,0.3,0.2,0.233333,0.133333,0.1,0.0,0.133333,0.066667,0.0,0.0,0.0
