,position-1,position-2,position-3,position-4,position-5,position-6,position-7,position-8,position-9,position-10,position-11,position-12,position-13,position-14,position-15,position-16,position-17,position-18,position-19,position-20
A,0.156069,0.213873,0.069364,1.0,0.751445,0.069364,0.196532,0.132948,0.312139,0.104046,0.0,0.057803,0.768786,0.387283,0.294798,0.271676,0.277457,0.289017,0.398844,0.450867
C,0.231214,0.092486,0.381503,0.0,0.023121,0.485549,0.277457,0.265896,0.179191,0.190751,0.0,0.0,0.0,0.023121,0.0,0.092486,0.127168,0.202312,0.260116,0.0
G,0.179191,0.404624,0.0,0.0,0.023121,0.179191,0.080925,0.138728,0.410405,0.0,0.0,0.942197,0.023121,0.046243,0.075145,0.040462,0.080925,0.213873,0.080925,0.057803
T,0.433526,0.289017,0.549133,0.0,0.202312,0.265896,0.445087,0.462428,0.098266,0.705202,1.0,0.0,0.208092,0.543353,0.630058,0.595376,0.514451,0.294798,0.260116,0.491329
