,position-1,position-2,position-3,position-4,position-5,position-6,position-7,position-8,position-9,position-10,position-11,position-12,position-13,position-14,position-15,position-16,position-17,position-18,position-19,position-20,position-21,position-22,position-23,position-24,position-25,position-26,position-27,position-28,position-29,position-30,position-31,position-32
A,0.102564,0.0,0.230769,0.025641,0.153846,0.25641,0.0,0.0,0.0,0.0,0.230769,0.871795,0.205128,0.0,0.0,0.0,0.128205,0.051282,0.0,0.205128,0.205128,0.0,0.435897,0.051282,0.076923,0.128205,0.564103,0.0,0.0,1.0,0.358974,0.384615
C,0.0,0.74359,0.025641,0.512821,0.179487,0.0,0.0,0.0,0.0,1.0,0.0,0.128205,0.076923,0.102564,1.0,0.74359,0.564103,0.25641,0.410256,0.512821,0.230769,0.384615,0.358974,0.358974,0.282051,0.74359,0.0,1.0,1.0,0.0,0.230769,0.051282
G,0.153846,0.0,0.74359,0.384615,0.538462,0.74359,1.0,0.128205,0.0,0.0,0.769231,0.0,0.435897,0.0,0.0,0.0,0.179487,0.410256,0.025641,0.0,0.333333,0.282051,0.102564,0.384615,0.641026,0.025641,0.358974,0.0,0.0,0.0,0.102564,0.051282
T,0.74359,0.25641,0.0,0.076923,0.128205,0.0,0.0,0.871795,1.0,0.0,0.0,0.0,0.282051,0.897436,0.0,0.25641,0.128205,0.282051,0.564103,0.282051,0.230769,0.333333,0.102564,0.205128,0.0,0.102564,0.076923,0.0,0.0,0.0,0.307692,0.512821
