,position-1,position-2,position-3,position-4,position-5,position-6,position-7,position-8,position-9,position-10,position-11,position-12,position-13,position-14,position-15,position-16,position-17,position-18,position-19,position-20,position-21,position-22,position-23
A,0.0,0.0,0.0,0.0,0.0,0.0,1.0,0.0,0.0,0.181818,0.090909,0.0,0.0,0.0,0.090909,0.909091,0.0,1.0,0.909091,0.818182,0.909091,0.0,0.0
C,0.909091,0.0,0.818182,1.0,0.0,0.0,0.0,0.0,1.0,0.818182,0.0,0.0,1.0,1.0,0.0,0.0,0.909091,0.0,0.0,0.0,0.0,0.363636,0.636364
G,0.0,1.0,0.0,0.0,0.0,0.0,0.0,0.0,0.0,0.0,0.909091,1.0,0.0,0.0,0.0,0.090909,0.0,0.0,0.090909,0.181818,0.0,0.090909,0.181818
T,0.090909,0.0,0.181818,0.0,1.0,1.0,0.0,1.0,0.0,0.0,0.0,0.0,0.0,0.0,0.909091,0.0,0.090909,0.0,0.0,0.0,0.090909,0.545455,0.181818
