,position-1,position-2,position-3,position-4,position-5,position-6,position-7,position-8,position-9,position-10,position-11,position-12,position-13,position-14,position-15,position-16,position-17,position-18,position-19,position-20,position-21,position-22
A,0.30303,0.636364,0.30303,0.151515,0.272727,0.0,0.909091,0.30303,0.0,0.0,0.0,1.0,0.848485,0.0,0.0,0.151515,0.060606,0.0,0.242424,0.787879,0.030303,0.333333
C,0.0,0.0,0.393939,0.151515,0.0,0.0,0.0,0.454545,0.0,0.818182,0.0,0.0,0.151515,1.0,0.727273,0.515152,0.363636,0.757576,0.0,0.121212,0.575758,0.484848
G,0.515152,0.363636,0.242424,0.545455,0.727273,1.0,0.090909,0.090909,0.151515,0.0,1.0,0.0,0.0,0.0,0.0,0.151515,0.545455,0.0,0.757576,0.0,0.333333,0.0
T,0.181818,0.0,0.060606,0.151515,0.0,0.0,0.0,0.151515,0.848485,0.181818,0.0,0.0,0.0,0.0,0.272727,0.181818,0.030303,0.242424,0.0,0.090909,0.060606,0.181818
