,position-1,position-2,position-3,position-4,position-5,position-6,position-7,position-8,position-9,position-10,position-11,position-12,position-13,position-14,position-15,position-16,position-17,position-18,position-19,position-20,position-21,position-22,position-23,position-24,position-25,position-26,position-27,position-28,position-29
A,0.0,0.12766,0.042553,0.148936,0.12766,0.042553,0.0,0.042553,0.0,0.276596,0.978723,0.148936,0.0,0.0,0.0,0.06383,0.170213,0.12766,0.234043,0.276596,0.0,0.191489,0.12766,0.085106,0.042553,0.638298,0.0,0.106383,1.0
C,0.702128,0.212766,0.468085,0.212766,0.0,0.0,0.0,0.0,0.893617,0.0,0.021277,0.085106,0.148936,1.0,0.829787,0.489362,0.255319,0.382979,0.361702,0.319149,0.468085,0.468085,0.255319,0.404255,0.851064,0.0,1.0,0.893617,0.0
G,0.0,0.574468,0.276596,0.425532,0.87234,0.957447,0.085106,0.0,0.042553,0.723404,0.0,0.446809,0.0,0.0,0.0,0.340426,0.446809,0.170213,0.042553,0.234043,0.297872,0.255319,0.425532,0.510638,0.0,0.234043,0.0,0.0,0.0
T,0.297872,0.085106,0.212766,0.212766,0.0,0.0,0.914894,0.957447,0.06383,0.0,0.0,0.319149,0.851064,0.0,0.170213,0.106383,0.12766,0.319149,0.361702,0.170213,0.234043,0.085106,0.191489,0.0,0.106383,0.12766,0.0,0.0,0.0
