,position-1,position-2,position-3,position-4,position-5,position-6,position-7,position-8,position-9,position-10,position-11,position-12,position-13,position-14,position-15,position-16,position-17,position-18,position-19,position-20,position-21,position-22
A,0.692308,0.384615,0.076923,0.923077,0.153846,0.076923,1.0,0.769231,0.769231,0.846154,0.846154,0.384615,0.076923,0.0,0.0,0.0,0.0,0.923077,0.076923,0.230769,0.384615,0.0
C,0.0,0.615385,0.230769,0.0,0.0,0.923077,0.0,0.153846,0.230769,0.0,0.0,0.0,0.923077,0.0,1.0,0.0,0.769231,0.0,0.230769,0.153846,0.153846,0.076923
G,0.230769,0.0,0.0,0.076923,0.0,0.0,0.0,0.0,0.0,0.0,0.0,0.0,0.0,0.769231,0.0,0.0,0.0,0.0,0.0,0.0,0.0,0.230769
T,0.076923,0.0,0.692308,0.0,0.846154,0.0,0.0,0.076923,0.0,0.153846,0.153846,0.615385,0.0,0.230769,0.0,1.0,0.230769,0.076923,0.692308,0.615385,0.461538,0.692308
