,position-1,position-2,position-3,position-4,position-5,position-6,position-7,position-8,position-9,position-10,position-11,position-12,position-13,position-14,position-15
A,0.139108,0.104987,0.0,0.097113,0.0,0.0,0.265092,0.107612,0.0,0.532808,0.288714,0.167979,0.275591,0.24147,0.115486
C,0.367454,0.24147,0.55643,0.183727,0.044619,1.0,0.204724,0.0,0.317585,0.044619,0.094488,0.175853,0.183727,0.2021,0.396325
G,0.265092,0.215223,0.036745,0.015748,0.03937,0.0,0.0,0.0,0.0,0.0,0.065617,0.044619,0.220472,0.209974,0.233596
T,0.228346,0.43832,0.406824,0.703412,0.91601,0.0,0.530184,0.892388,0.682415,0.422572,0.551181,0.611549,0.32021,0.346457,0.254593
