,position-1,position-2,position-3,position-4,position-5,position-6,position-7,position-8,position-9,position-10,position-11,position-12,position-13,position-14
A,0.629977,0.538642,0.344262,0.751756,0.864169,0.569087,0.0,0.854801,0.576112,0.339578,0.374707,0.269321,0.245902,0.374707
C,0.06089,0.06089,0.065574,0.0,0.0,0.0,0.004684,0.0726,0.039813,0.018735,0.238876,0.238876,0.229508,0.24356
G,0.133489,0.074941,0.044496,0.248244,0.002342,0.173302,0.995316,0.046838,0.177986,0.625293,0.274005,0.374707,0.440281,0.206089
T,0.175644,0.325527,0.545667,0.0,0.133489,0.257611,0.0,0.025761,0.206089,0.016393,0.112412,0.117096,0.084309,0.175644
