,position-1,position-2,position-3,position-4,position-5,position-6,position-7,position-8,position-9,position-10,position-11,position-12
A,0.0,0.123223,0.0,0.127962,0.0,0.0,0.232227,0.123223,0.0,0.582938,0.42654,0.222749
C,0.450237,0.246445,0.63981,0.080569,0.099526,1.0,0.180095,0.0,0.241706,0.0,0.047393,0.104265
G,0.303318,0.270142,0.0,0.090047,0.0,0.0,0.0,0.0,0.0,0.0,0.0,0.07109
T,0.246445,0.36019,0.36019,0.701422,0.900474,0.0,0.587678,0.876777,0.758294,0.417062,0.526066,0.601896
