,position-1,position-2,position-3,position-4,position-5,position-6,position-7,position-8,position-9,position-10,position-11
A,0.714286,0.534562,0.502304,0.723502,0.898618,0.59447,0.0,0.963134,0.691244,0.322581,0.451613
C,0.041475,0.0,0.0,0.0,0.0,0.0,0.0,0.0,0.013825,0.0,0.258065
G,0.110599,0.046083,0.0,0.276498,0.004608,0.175115,1.0,0.036866,0.152074,0.677419,0.221198
T,0.133641,0.419355,0.497696,0.0,0.096774,0.230415,0.0,0.0,0.142857,0.0,0.069124
