,position-1,position-2,position-3,position-4,position-5,position-6,position-7,position-8,position-9,position-10,position-11,position-12,position-13,position-14,position-15,position-16,position-17,position-18,position-19,position-20,position-21,position-22,position-23,position-24,position-25,position-26,position-27,position-28,position-29,position-30,position-31,position-32,position-33,position-34,position-35,position-36,position-37,position-38,position-39,position-40,position-41
A,0.0,0.076923,0.0,0.0,0.0,1.0,0.0,0.0,0.153846,0.0,0.0,0.0,0.0,0.153846,1.0,0.0,1.0,1.0,0.846154,0.846154,0.0,0.0,0.230769,0.153846,0.307692,0.384615,0.846154,0.846154,0.923077,0.076923,0.0,0.153846,0.923077,0.769231,0.230769,0.769231,0.230769,0.692308,0.0,0.0,0.076923
C,0.0,0.923077,0.923077,0.0,0.0,0.0,0.076923,1.0,0.846154,0.0,0.0,1.0,0.923077,0.0,0.0,0.923077,0.0,0.0,0.0,0.076923,0.076923,1.0,0.153846,0.076923,0.076923,0.538462,0.0,0.0,0.0,0.076923,0.153846,0.846154,0.0,0.076923,0.230769,0.0,0.076923,0.0,0.0,0.0,0.0
G,1.0,0.0,0.076923,0.0,0.0,0.0,0.0,0.0,0.0,1.0,1.0,0.0,0.0,0.0,0.0,0.0,0.0,0.0,0.153846,0.076923,0.153846,0.0,0.615385,0.0,0.538462,0.0,0.076923,0.076923,0.0,0.0,0.0,0.0,0.076923,0.076923,0.0,0.153846,0.153846,0.153846,0.0,0.076923,0.846154
T,0.0,0.0,0.0,1.0,1.0,0.0,0.923077,0.0,0.0,0.0,0.0,0.0,0.076923,0.846154,0.0,0.076923,0.0,0.0,0.0,0.0,0.769231,0.0,0.0,0.769231,0.076923,0.076923,0.076923,0.076923,0.076923,0.846154,0.846154,0.0,0.0,0.076923,0.538462,0.076923,0.538462,0.153846,1.0,0.923077,0.076923
