,position-1,position-2,position-3,position-4,position-5,position-6,position-7,position-8,position-9,position-10,position-11,position-12,position-13,position-14,position-15,position-16,position-17,position-18,position-19
A,0.333333,0.0,0.051282,0.0,0.948718,0.0,0.333333,0.205128,0.076923,0.230769,0.282051,0.128205,0.384615,0.025641,0.282051,0.076923,0.0,0.0,0.307692
C,0.153846,0.179487,0.0,0.974359,0.0,0.897436,0.435897,0.128205,0.538462,0.153846,0.179487,0.230769,0.128205,0.871795,0.025641,0.0,0.0,0.230769,0.666667
G,0.153846,0.0,0.948718,0.025641,0.051282,0.0,0.076923,0.564103,0.025641,0.435897,0.333333,0.358974,0.333333,0.102564,0.615385,0.74359,0.307692,0.692308,0.0
T,0.358974,0.820513,0.0,0.0,0.0,0.102564,0.153846,0.102564,0.358974,0.179487,0.205128,0.282051,0.153846,0.0,0.076923,0.179487,0.692308,0.076923,0.025641
