,position-1,position-2,position-3,position-4,position-5,position-6,position-7,position-8,position-9,position-10,position-11,position-12,position-13,position-14,position-15,position-16,position-17,position-18
A,0.071429,0.047619,0.0,0.952381,0.071429,0.285714,0.214286,0.119048,0.190476,0.404762,0.190476,0.357143,0.0,0.285714,0.119048,0.02381,0.0,0.261905
C,0.047619,0.0,1.0,0.02381,0.809524,0.571429,0.119048,0.47619,0.166667,0.166667,0.309524,0.142857,0.738095,0.02381,0.0,0.0,0.214286,0.690476
G,0.02381,0.952381,0.0,0.0,0.0,0.0,0.547619,0.02381,0.452381,0.285714,0.285714,0.404762,0.238095,0.5,0.714286,0.261905,0.690476,0.02381
T,0.857143,0.0,0.0,0.02381,0.119048,0.142857,0.119048,0.380952,0.190476,0.142857,0.214286,0.095238,0.02381,0.190476,0.166667,0.714286,0.095238,0.02381
