,position-1,position-2,position-3,position-4,position-5,position-6,position-7,position-8,position-9,position-10,position-11,position-12,position-13,position-14
A,0.5,0.018519,0.0,0.018519,0.018519,0.0,0.833333,0.333333,0.351852,0.092593,0.148148,0.444444,0.87037,0.759259
C,0.148148,0.62963,0.222222,0.0,0.037037,0.907407,0.0,0.203704,0.296296,0.518519,0.203704,0.185185,0.111111,0.0
G,0.240741,0.185185,0.0,0.037037,0.074074,0.0,0.166667,0.037037,0.018519,0.018519,0.62963,0.37037,0.0,0.018519
T,0.111111,0.166667,0.777778,0.944444,0.87037,0.092593,0.0,0.425926,0.333333,0.37037,0.018519,0.0,0.018519,0.222222
