,position-1,position-2,position-3,position-4,position-5,position-6,position-7,position-8,position-9,position-10,position-11,position-12,position-13,position-14
A,0.055556,0.111111,0.166667,0.018519,0.018519,0.537037,0.537037,0.666667,0.055556,0.12963,0.666667,0.888889,0.814815,0.259259
C,0.592593,0.166667,0.0,0.296296,0.907407,0.0,0.092593,0.111111,0.185185,0.166667,0.055556,0.111111,0.055556,0.222222
G,0.277778,0.0,0.0,0.018519,0.018519,0.462963,0.240741,0.12963,0.037037,0.685185,0.222222,0.0,0.0,0.407407
T,0.074074,0.722222,0.833333,0.666667,0.055556,0.0,0.12963,0.092593,0.722222,0.018519,0.055556,0.0,0.12963,0.111111
