,position-1,position-2,position-3,position-4,position-5,position-6,position-7,position-8,position-9,position-10,position-11,position-12,position-13,position-14,position-15
A,0.144928,0.115942,0.333333,0.333333,0.84058,0.15942,0.043478,0.043478,0.043478,0.217391,0.318841,0.0,0.0,0.855072,0.057971
C,0.289855,0.0,0.014493,0.173913,0.101449,0.521739,0.942029,0.0,0.521739,0.014493,0.275362,0.797101,1.0,0.0,0.434783
G,0.043478,0.811594,0.565217,0.362319,0.0,0.246377,0.014493,0.956522,0.347826,0.0,0.0,0.043478,0.0,0.115942,0.289855
T,0.521739,0.072464,0.086957,0.130435,0.057971,0.072464,0.0,0.0,0.086957,0.768116,0.405797,0.15942,0.0,0.028986,0.217391
