,position-1,position-2,position-3,position-4,position-5,position-6,position-7,position-8,position-9,position-10,position-11,position-12,position-13,position-14,position-15
A,0.357143,0.142857,0.042857,0.371429,0.628571,0.857143,0.057143,0.0,0.042857,0.014286,0.157143,0.328571,0.028571,0.0,0.657143
C,0.2,0.057143,0.0,0.071429,0.0,0.014286,0.514286,0.957143,0.0,0.457143,0.0,0.414286,0.857143,0.928571,0.0
G,0.357143,0.071429,0.9,0.5,0.257143,0.014286,0.328571,0.042857,0.885714,0.328571,0.085714,0.157143,0.0,0.0,0.314286
T,0.085714,0.728571,0.057143,0.057143,0.114286,0.114286,0.1,0.0,0.071429,0.2,0.757143,0.1,0.114286,0.071429,0.028571
