,position-1,position-2,position-3,position-4,position-5,position-6,position-7,position-8,position-9,position-10,position-11,position-12,position-13,position-14,position-15,position-16,position-17,position-18,position-19,position-20,position-21,position-22,position-23
A,0.0,0.189189,0.324324,0.243243,0.216216,0.216216,0.054054,0.297297,0.189189,0.027027,0.0,0.0,0.027027,0.756757,0.216216,0.675676,0.567568,0.0,0.081081,0.027027,0.378378,0.027027,0.567568
C,0.432432,0.189189,0.189189,0.27027,0.351351,0.540541,0.216216,0.081081,0.324324,0.72973,0.0,0.297297,0.189189,0.0,0.0,0.081081,0.054054,1.0,0.0,0.513514,0.351351,0.567568,0.027027
G,0.135135,0.216216,0.135135,0.297297,0.216216,0.054054,0.702703,0.189189,0.405405,0.0,0.972973,0.0,0.027027,0.0,0.027027,0.027027,0.324324,0.0,0.918919,0.108108,0.027027,0.297297,0.405405
T,0.432432,0.405405,0.351351,0.189189,0.216216,0.189189,0.027027,0.432432,0.081081,0.243243,0.027027,0.702703,0.756757,0.243243,0.756757,0.216216,0.054054,0.0,0.0,0.351351,0.243243,0.108108,0.0
