,position-1,position-2,position-3,position-4,position-5,position-6,position-7,position-8,position-9,position-10,position-11,position-12,position-13,position-14
A,0.0,0.054054,0.027027,0.324324,0.0,0.0,0.081081,0.189189,0.837838,0.243243,0.810811,0.621622,0.027027,0.135135
C,0.594595,0.135135,0.108108,0.027027,0.864865,0.0,0.297297,0.108108,0.0,0.0,0.027027,0.027027,0.972973,0.0
G,0.0,0.810811,0.324324,0.567568,0.0,1.0,0.0,0.108108,0.0,0.0,0.108108,0.351351,0.0,0.837838
T,0.405405,0.0,0.540541,0.081081,0.135135,0.0,0.621622,0.594595,0.162162,0.756757,0.054054,0.0,0.0,0.027027
