,position-1,position-2,position-3,position-4,position-5,position-6,position-7,position-8,position-9,position-10,position-11,position-12,position-13,position-14,position-15,position-16,position-17,position-18,position-19
A,0.058824,0.058824,0.0,0.0,0.058824,0.0,0.176471,0.058824,0.352941,0.235294,0.352941,0.529412,0.0,0.0,0.117647,1.0,0.941176,0.0,0.647059
C,0.235294,0.058824,0.0,0.0,0.411765,0.882353,0.176471,0.352941,0.058824,0.058824,0.058824,0.058824,0.941176,0.0,0.117647,0.0,0.0,0.941176,0.0
G,0.058824,0.882353,0.0,0.058824,0.470588,0.058824,0.294118,0.529412,0.352941,0.294118,0.294118,0.411765,0.058824,1.0,0.705882,0.0,0.058824,0.0,0.294118
T,0.647059,0.0,1.0,0.941176,0.058824,0.058824,0.352941,0.058824,0.235294,0.411765,0.294118,0.0,0.0,0.0,0.058824,0.0,0.0,0.058824,0.058824
