,position-1,position-2,position-3,position-4,position-5,position-6,position-7,position-8,position-9,position-10,position-11,position-12,position-13,position-14,position-15,position-16
A,0.185185,0.074074,0.0,0.111111,0.037037,0.037037,0.407407,0.444444,0.666667,0.62963,0.62963,0.222222,0.111111,0.0,0.111111,0.111111
C,0.296296,0.0,0.0,0.0,0.777778,0.962963,0.111111,0.074074,0.0,0.037037,0.037037,0.296296,0.0,0.296296,0.814815,0.703704
G,0.518519,0.481481,0.111111,0.148148,0.111111,0.0,0.333333,0.37037,0.0,0.0,0.259259,0.037037,0.0,0.037037,0.074074,0.0
T,0.0,0.444444,0.888889,0.740741,0.074074,0.0,0.148148,0.111111,0.333333,0.333333,0.074074,0.444444,0.888889,0.666667,0.0,0.185185
