,position-1,position-2,position-3,position-4,position-5,position-6,position-7,position-8,position-9,position-10,position-11,position-12,position-13,position-14,position-15,position-16,position-17,position-18,position-19,position-20,position-21
A,0.212121,0.030303,0.151515,0.272727,0.0,0.30303,0.545455,0.030303,0.333333,0.69697,0.515152,0.030303,0.121212,0.30303,0.151515,0.181818,0.181818,0.0,0.636364,0.666667,0.606061
C,0.0,0.212121,0.121212,0.0,0.0,0.242424,0.212121,0.30303,0.0,0.030303,0.121212,0.272727,0.090909,0.0,0.393939,0.575758,0.181818,0.0,0.151515,0.0,0.151515
G,0.424242,0.212121,0.151515,0.0,0.030303,0.181818,0.212121,0.606061,0.484848,0.242424,0.090909,0.151515,0.0,0.0,0.0,0.212121,0.454545,1.0,0.212121,0.242424,0.090909
T,0.363636,0.545455,0.575758,0.727273,0.969697,0.272727,0.030303,0.060606,0.181818,0.030303,0.272727,0.545455,0.787879,0.69697,0.454545,0.030303,0.181818,0.0,0.0,0.090909,0.151515
