,position-1,position-2,position-3,position-4,position-5,position-6,position-7,position-8,position-9,position-10,position-11,position-12,position-13,position-14,position-15,position-16
A,0.148936,0.106383,0.021277,0.0,0.148936,0.553191,0.276596,0.170213,0.829787,0.446809,0.106383,0.0,0.021277,0.0,0.468085,0.361702
C,0.0,0.148936,0.0,0.744681,0.617021,0.021277,0.021277,0.212766,0.0,0.297872,0.0,0.042553,0.042553,1.0,0.319149,0.06383
G,0.851064,0.042553,0.191489,0.0,0.106383,0.12766,0.659574,0.042553,0.106383,0.0,0.893617,0.021277,0.021277,0.0,0.042553,0.319149
T,0.0,0.702128,0.787234,0.255319,0.12766,0.297872,0.042553,0.574468,0.06383,0.255319,0.0,0.93617,0.914894,0.0,0.170213,0.255319
