,position-1,position-2,position-3,position-4,position-5,position-6,position-7,position-8,position-9,position-10,position-11,position-12,position-13,position-14,position-15,position-16,position-17,position-18,position-19,position-20
A,0.106383,0.06383,0.446809,0.191489,0.255319,0.170213,0.0,0.87234,0.93617,0.0,0.255319,0.06383,0.574468,0.06383,0.276596,0.12766,0.234043,0.765957,0.680851,0.0
C,0.425532,0.276596,0.085106,0.425532,0.319149,0.042553,0.0,0.042553,0.021277,0.87234,0.0,0.085106,0.042553,0.638298,0.12766,0.106383,0.0,0.212766,0.042553,0.829787
G,0.234043,0.404255,0.234043,0.191489,0.06383,0.319149,1.0,0.06383,0.042553,0.0,0.297872,0.0,0.212766,0.021277,0.042553,0.574468,0.765957,0.0,0.170213,0.0
T,0.234043,0.255319,0.234043,0.191489,0.361702,0.468085,0.0,0.021277,0.0,0.12766,0.446809,0.851064,0.170213,0.276596,0.553191,0.191489,0.0,0.021277,0.106383,0.170213
