,position-1,position-2,position-3,position-4,position-5,position-6,position-7,position-8,position-9,position-10,position-11,position-12,position-13,position-14,position-15,position-16,position-17,position-18,position-19,position-20,position-21,position-22,position-23,position-24,position-25,position-26,position-27,position-28,position-29,position-30,position-31,position-32,position-33,position-34,position-35,position-36,position-37
A,0.862069,1.0,0.0,0.0,0.103448,0.034483,0.068966,0.0,0.689655,0.137931,0.172414,0.448276,0.068966,0.137931,0.241379,0.172414,0.103448,0.172414,0.172414,0.241379,0.068966,0.172414,0.62069,0.793103,0.413793,0.551724,0.206897,0.275862,0.0,0.0,0.172414,0.0,0.137931,0.0,0.0,0.896552,0.310345
C,0.137931,0.0,0.62069,0.310345,0.482759,0.37931,0.448276,0.137931,0.0,0.448276,0.586207,0.137931,0.724138,0.482759,0.517241,0.517241,0.896552,0.0,0.0,0.0,0.448276,0.655172,0.0,0.0,0.0,0.172414,0.413793,0.172414,0.206897,0.344828,0.0,0.965517,0.172414,0.827586,0.0,0.103448,0.689655
G,0.0,0.0,0.37931,0.0,0.206897,0.586207,0.448276,0.862069,0.0,0.172414,0.241379,0.0,0.172414,0.206897,0.034483,0.310345,0.0,0.103448,0.0,0.758621,0.344828,0.172414,0.37931,0.206897,0.482759,0.275862,0.137931,0.413793,0.758621,0.0,0.827586,0.0,0.0,0.172414,0.0,0.0,0.0
T,0.0,0.0,0.0,0.689655,0.206897,0.0,0.034483,0.0,0.310345,0.241379,0.0,0.413793,0.034483,0.172414,0.206897,0.0,0.0,0.724138,0.827586,0.0,0.137931,0.0,0.0,0.0,0.103448,0.0,0.241379,0.137931,0.034483,0.655172,0.0,0.034483,0.689655,0.0,1.0,0.0,0.0
