,position-1,position-2,position-3,position-4,position-5,position-6,position-7,position-8,position-9,position-10,position-11,position-12,position-13,position-14,position-15,position-16,position-17,position-18,position-19,position-20
A,0.147059,0.205882,0.141176,0.023529,0.094118,0.052941,0.0,0.0,0.341176,0.047059,0.323529,0.217647,0.182353,0.123529,0.017647,0.235294,0.870588,0.652941,0.211765,0.064706
C,0.476471,0.329412,0.129412,0.1,0.011765,0.0,0.9,0.823529,0.123529,0.247059,0.423529,0.347059,0.276471,0.129412,0.0,0.688235,0.052941,0.141176,0.235294,0.417647
G,0.217647,0.129412,0.217647,0.123529,0.088235,0.294118,0.0,0.011765,0.3,0.517647,0.129412,0.188235,0.423529,0.623529,0.670588,0.011765,0.041176,0.017647,0.235294,0.405882
T,0.158824,0.335294,0.511765,0.752941,0.805882,0.652941,0.1,0.164706,0.235294,0.188235,0.123529,0.247059,0.117647,0.123529,0.311765,0.064706,0.035294,0.188235,0.317647,0.111765
