,position-1,position-2,position-3,position-4,position-5,position-6,position-7,position-8,position-9,position-10,position-11,position-12,position-13,position-14,position-15,position-16
A,0.139394,0.012121,0.127273,0.066667,0.0,0.0,0.363636,0.024242,0.278788,0.157576,0.151515,0.139394,0.0,0.224242,0.872727,0.684848
C,0.066667,0.090909,0.0,0.0,0.909091,0.836364,0.169697,0.242424,0.4,0.363636,0.333333,0.115152,0.0,0.684848,0.054545,0.109091
G,0.242424,0.151515,0.072727,0.254545,0.0,0.030303,0.236364,0.509091,0.163636,0.212121,0.387879,0.660606,0.660606,0.0,0.072727,0.006061
T,0.551515,0.745455,0.8,0.678788,0.090909,0.133333,0.230303,0.224242,0.157576,0.266667,0.127273,0.084848,0.339394,0.090909,0.0,0.2
