,position-1,position-2,position-3,position-4,position-5,position-6,position-7,position-8,position-9,position-10,position-11,position-12,position-13
A,1.0,0.181818,0.181818,0.090909,0.181818,0.0,0.090909,1.0,0.0,1.0,0.0,0.909091,1.0
C,0.0,0.0,0.0,0.090909,0.090909,0.0,0.909091,0.0,0.0,0.0,1.0,0.0,0.0
G,0.0,0.0,0.0,0.181818,0.636364,0.090909,0.0,0.0,0.181818,0.0,0.0,0.090909,0.0
T,0.0,0.818182,0.818182,0.636364,0.090909,0.909091,0.0,0.0,0.818182,0.0,0.0,0.0,0.0
