,position-1,position-2,position-3,position-4,position-5,position-6,position-7,position-8,position-9,position-10,position-11,position-12,position-13,position-14,position-15,position-16,position-17,position-18,position-19,position-20,position-21,position-22
A,1.0,0.181818,0.181818,0.090909,0.181818,0.0,0.090909,0.909091,0.0,1.0,0.0,0.909091,1.0,0.636364,0.181818,0.272727,0.545455,0.090909,0.090909,0.090909,0.0,0.181818
C,0.0,0.0,0.0,0.090909,0.090909,0.0,0.909091,0.0,0.0,0.0,1.0,0.0,0.0,0.090909,0.0,0.0,0.090909,0.0,0.363636,0.181818,0.0,0.0
G,0.0,0.0,0.0,0.181818,0.636364,0.090909,0.0,0.0,0.181818,0.0,0.0,0.090909,0.0,0.0,0.090909,0.272727,0.181818,0.636364,0.272727,0.272727,0.454545,0.090909
T,0.0,0.818182,0.818182,0.636364,0.090909,0.909091,0.0,0.090909,0.818182,0.0,0.0,0.0,0.0,0.272727,0.727273,0.454545,0.181818,0.272727,0.272727,0.454545,0.545455,0.727273
