,position-1,position-2,position-3,position-4,position-5,position-6,position-7,position-8,position-9,position-10,position-11,position-12,position-13,position-14,position-15,position-16,position-17,position-18,position-19,position-20,position-21,position-22,position-23,position-24,position-25,position-26,position-27,position-28,position-29,position-30,position-31,position-32,position-33,position-34,position-35,position-36,position-37,position-38,position-39,position-40,position-41,position-42,position-43,position-44,position-45
A,0.0,0.0,0.052632,0.947368,0.0,0.894737,0.210526,0.0,0.789474,0.0,0.0,0.052632,0.0,0.315789,0.052632,0.0,0.0,0.315789,0.105263,0.947368,0.789474,0.052632,0.0,0.315789,0.052632,0.157895,0.315789,0.0,0.210526,0.0,0.0,0.105263,0.0,0.210526,0.263158,0.0,0.0,0.0,0.210526,0.105263,0.789474,0.368421,0.210526,0.0,0.0
C,0.0,0.052632,0.0,0.0,0.0,0.105263,0.0,0.947368,0.0,0.631579,0.684211,0.0,0.315789,0.368421,0.473684,0.210526,0.210526,0.052632,0.526316,0.0,0.105263,0.052632,0.421053,0.421053,0.052632,0.052632,0.0,0.210526,0.0,0.0,0.947368,0.263158,0.421053,0.263158,0.0,0.210526,0.0,0.0,0.789474,0.210526,0.210526,0.105263,0.210526,1.0,0.947368
G,1.0,0.842105,0.210526,0.0,0.947368,0.0,0.736842,0.0,0.210526,0.263158,0.052632,0.631579,0.421053,0.052632,0.0,0.0,0.526316,0.421053,0.052632,0.052632,0.0,0.578947,0.526316,0.210526,0.894737,0.631579,0.421053,0.578947,0.789474,0.0,0.0,0.578947,0.368421,0.315789,0.736842,0.789474,0.0,0.0,0.0,0.684211,0.0,0.263158,0.0,0.0,0.0
T,0.0,0.105263,0.736842,0.052632,0.052632,0.0,0.052632,0.052632,0.0,0.105263,0.263158,0.315789,0.263158,0.263158,0.473684,0.789474,0.263158,0.210526,0.315789,0.0,0.105263,0.315789,0.052632,0.052632,0.0,0.157895,0.263158,0.210526,0.0,1.0,0.052632,0.052632,0.210526,0.210526,0.0,0.0,1.0,1.0,0.0,0.0,0.0,0.263158,0.578947,0.0,0.052632
