,position-1,position-2,position-3,position-4,position-5,position-6,position-7,position-8,position-9,position-10,position-11,position-12,position-13,position-14,position-15,position-16,position-17,position-18,position-19,position-20,position-21,position-22,position-23,position-24,position-25,position-26,position-27,position-28,position-29
A,0.0,0.0,0.058824,0.058824,0.0,0.235294,0.411765,0.235294,0.294118,0.235294,0.647059,0.058824,0.352941,0.176471,0.0,0.705882,0.058824,0.058824,0.0,0.058824,1.0,1.0,0.176471,0.176471,0.0,0.176471,0.0,0.235294,0.764706
C,0.0,0.0,0.117647,0.176471,0.588235,0.235294,0.058824,0.176471,0.058824,0.058824,0.0,0.411765,0.294118,0.0,0.0,0.058824,0.529412,0.0,0.588235,0.0,0.0,0.0,0.764706,0.705882,0.470588,0.588235,0.764706,0.0,0.235294
G,1.0,1.0,0.0,0.588235,0.411765,0.470588,0.352941,0.588235,0.470588,0.588235,0.352941,0.411765,0.352941,0.823529,1.0,0.117647,0.117647,0.0,0.0,0.941176,0.0,0.0,0.058824,0.0,0.235294,0.235294,0.176471,0.705882,0.0
T,0.0,0.0,0.823529,0.176471,0.0,0.058824,0.176471,0.0,0.176471,0.117647,0.0,0.117647,0.0,0.0,0.0,0.117647,0.294118,0.941176,0.411765,0.0,0.0,0.0,0.0,0.117647,0.294118,0.0,0.058824,0.058824,0.0
