,position-1,position-2,position-3,position-4,position-5,position-6,position-7,position-8,position-9,position-10,position-11,position-12,position-13,position-14,position-15,position-16,position-17,position-18,position-19,position-20,position-21,position-22,position-23,position-24,position-25,position-26,position-27,position-28,position-29,position-30
A,0.307692,0.153846,0.0,0.923077,0.076923,0.0,0.0,0.0,1.0,1.0,0.0,0.0,0.0,0.230769,0.0,0.307692,0.769231,0.0,0.0,0.0,0.076923,0.076923,0.153846,0.230769,0.384615,0.0,0.076923,0.538462,0.076923,0.461538
C,0.230769,0.0,0.0,0.0,0.461538,0.0,0.615385,0.0,0.0,0.0,1.0,0.846154,0.461538,0.538462,0.923077,0.0,0.230769,0.615385,0.769231,0.692308,0.692308,0.461538,0.076923,0.461538,0.307692,0.0,0.153846,0.153846,0.692308,0.230769
G,0.461538,0.846154,1.0,0.076923,0.153846,0.0,0.0,1.0,0.0,0.0,0.0,0.0,0.230769,0.230769,0.0,0.692308,0.0,0.307692,0.0,0.0,0.0,0.307692,0.230769,0.230769,0.230769,0.384615,0.230769,0.307692,0.076923,0.307692
T,0.0,0.0,0.0,0.0,0.307692,1.0,0.384615,0.0,0.0,0.0,0.0,0.153846,0.307692,0.0,0.076923,0.0,0.0,0.076923,0.230769,0.307692,0.230769,0.153846,0.538462,0.076923,0.076923,0.615385,0.538462,0.0,0.153846,0.0
