,index,condition,binding_peak_start,binding_peak_end,binding_peak_strength,target_locus,target_genes,gene,normalized_dist,binding_peak_center
0,YbaO-1,ybao + glc,467509,467538,1.89,"b0446,b0445","cof,ybaE",cof,0.13736263736263737,467523.5
1,YbaO-1,ybao + glc,467509,467538,1.89,"b0446,b0445","cof,ybaE",ybaE,-0.12433862433862433,467523.5
2,YbaO-2,ybao + glc,3256152,3256183,7.74,b4470,yhaM,yhaM,0.3688024408848207,3256167.5
3,YbaO-3,ybao + glc,3256220,3256251,23.25,b4470,yhaM,yhaM,0.3169336384439359,3256235.5
4,YbaO-4,ybao + glc,3256280,3256312,9.84,b4470,yhaM,yhaM,0.2707856598016781,3256296.0
