,index,condition,binding_peak_start,binding_peak_end,binding_peak_strength,target_locus,target_genes,gene,normalized_dist,binding_peak_center
0,YbdO-1,ybdo + M9,637711,637742,97.33,b0603,ybdO,ybdO,-0.12015503875968993,637726.5
1,YbdO-2,ybdo + M9,752858,752911,88.45,b0719,ybgD,ybgD,-0.15784832451499117,752884.5
2,YbdO-3,ybdo + M9,1992053,1992079,12.91,b1908,yecA,yecA,-0.6711711711711712,1992066.0
3,YbdO-4,ybdo + M9,3185266,3185294,71.23,b3043,ygiL,ygiL,-0.24094202898550723,3185280.0
4,YbdO-5,ybdo + M9,4603245,4603294,12.31,"b4365,b4366,b4364","yjjQ,bglJ,yjjP",yjjQ,-0.284435261707989,4603269.5
5,YbdO-5,ybdo + M9,4603245,4603294,12.31,"b4365,b4366,b4364","yjjQ,bglJ,yjjP",bglJ,-1.3119469026548674,4603269.5
6,YbdO-5,ybdo + M9,4603245,4603294,12.31,"b4365,b4366,b4364","yjjQ,bglJ,yjjP",yjjP,-0.5337224383916991,4603269.5
