,index,condition,binding_peak_start,binding_peak_end,binding_peak_strength,target_locus,target_genes,gene,normalized_dist,binding_peak_center
0,YheO-2,yheo + glc,1440900,1440949,139.2,"b4529,b1377,b1378","ydbJ,ompN,pfo",ydbJ,-0.49625468164794007,1440924.5
1,YheO-2,yheo + glc,1440900,1440949,139.2,"b4529,b1377,b1378","ydbJ,ompN,pfo",ompN,-3.555114638447972,1440924.5
2,YheO-2,yheo + glc,1440900,1440949,139.2,"b4529,b1377,b1378","ydbJ,ompN,pfo",pfo,-0.03985815602836879,1440924.5
3,YheO-3,yheo + glc,1498551,1498599,8.06,"b1426,b1427","ydcH,rimL",ydcH,-0.3333333333333333,1498575.0
4,YheO-3,yheo + glc,1498551,1498599,8.06,"b1426,b1427","ydcH,rimL",rimL,-0.6703703703703704,1498575.0
5,YheO-4,yheo + glc,2411156,2411205,116.19,b2292,yfbS,yfbS,0.09356246590289144,2411180.5
