,position-1,position-2,position-3,position-4,position-5,position-6,position-7,position-8,position-9,position-10,position-11,position-12,position-13,position-14,position-15,position-16,position-17,position-18,position-19
A,0.777778,0.711111,0.0,0.377778,0.644444,0.422222,0.844444,0.822222,0.044444,0.333333,0.777778,0.066667,0.311111,0.444444,0.0,0.0,0.933333,0.088889,0.0
C,0.0,0.0,0.155556,0.044444,0.022222,0.111111,0.0,0.088889,0.133333,0.355556,0.0,0.044444,0.0,0.488889,0.0,0.8,0.066667,0.044444,0.0
G,0.155556,0.0,0.0,0.533333,0.155556,0.244444,0.0,0.022222,0.066667,0.244444,0.222222,0.088889,0.066667,0.022222,0.111111,0.066667,0.0,0.044444,0.044444
T,0.066667,0.288889,0.844444,0.044444,0.177778,0.222222,0.155556,0.066667,0.755556,0.066667,0.0,0.8,0.622222,0.044444,0.888889,0.133333,0.0,0.822222,0.955556
