,position-1,position-2,position-3,position-4,position-5,position-6,position-7,position-8,position-9,position-10,position-11,position-12,position-13,position-14,position-15,position-16,position-17,position-18,position-19
A,0.811321,0.754717,0.0,0.339623,0.773585,0.207547,0.603774,0.584906,0.056604,0.075472,0.773585,0.075472,0.056604,0.283019,0.0,0.0,0.830189,0.132075,0.0
C,0.0,0.0,0.075472,0.132075,0.09434,0.075472,0.018868,0.301887,0.150943,0.528302,0.075472,0.075472,0.0,0.471698,0.056604,0.830189,0.075472,0.037736,0.056604
G,0.056604,0.0,0.0,0.471698,0.037736,0.169811,0.0,0.037736,0.056604,0.075472,0.150943,0.0,0.056604,0.037736,0.037736,0.056604,0.056604,0.075472,0.075472
T,0.132075,0.245283,0.924528,0.056604,0.09434,0.54717,0.377358,0.075472,0.735849,0.320755,0.0,0.849057,0.886792,0.207547,0.90566,0.113208,0.037736,0.754717,0.867925
