,position-1,position-2,position-3,position-4,position-5,position-6,position-7,position-8,position-9,position-10,position-11,position-12,position-13,position-14,position-15,position-16,position-17,position-18,position-19,position-20,position-21
A,0.156863,0.137255,0.352941,0.470588,0.862745,0.843137,0.058824,0.215686,0.784314,0.215686,0.843137,0.882353,0.019608,0.235294,0.784314,0.117647,0.0,0.470588,0.0,0.039216,0.784314
C,0.137255,0.235294,0.254902,0.078431,0.058824,0.039216,0.176471,0.0,0.137255,0.0,0.019608,0.0,0.058824,0.509804,0.019608,0.0,0.0,0.411765,0.196078,0.745098,0.019608
G,0.039216,0.490196,0.215686,0.196078,0.078431,0.019608,0.039216,0.784314,0.058824,0.27451,0.0,0.078431,0.0,0.098039,0.176471,0.0,0.0,0.098039,0.039216,0.098039,0.176471
T,0.666667,0.137255,0.176471,0.254902,0.0,0.098039,0.72549,0.0,0.019608,0.509804,0.137255,0.039216,0.921569,0.156863,0.019608,0.882353,1.0,0.019608,0.764706,0.117647,0.019608
