,position-1,position-2,position-3,position-4,position-5,position-6,position-7,position-8,position-9,position-10,position-11,position-12,position-13,position-14,position-15,position-16,position-17,position-18,position-19,position-20,position-21
A,0.087719,0.140351,0.315789,0.421053,0.842105,0.824561,0.035088,0.22807,0.77193,0.210526,0.894737,0.894737,0.017544,0.280702,0.754386,0.157895,0.0,0.473684,0.0,0.035088,0.754386
C,0.140351,0.22807,0.245614,0.035088,0.105263,0.052632,0.175439,0.0,0.157895,0.017544,0.0,0.0,0.035088,0.45614,0.017544,0.0,0.0,0.350877,0.22807,0.596491,0.035088
G,0.070175,0.54386,0.192982,0.245614,0.052632,0.017544,0.052632,0.77193,0.035088,0.298246,0.0,0.052632,0.0,0.157895,0.175439,0.0,0.035088,0.122807,0.035088,0.157895,0.175439
T,0.701754,0.087719,0.245614,0.298246,0.0,0.105263,0.736842,0.0,0.035088,0.473684,0.105263,0.052632,0.947368,0.105263,0.052632,0.842105,0.964912,0.052632,0.736842,0.210526,0.035088
