,position-1,position-2,position-3,position-4,position-5,position-6,position-7,position-8,position-9,position-10,position-11,position-12,position-13,position-14,position-15,position-16,position-17,position-18,position-19,position-20,position-21,position-22,position-23,position-24,position-25,position-26,position-27,position-28,position-29,position-30,position-31,position-32,position-33,position-34,position-35
A,0.181818,0.0,0.0,0.0,0.0,0.227273,0.0,0.363636,0.0,0.090909,0.090909,0.136364,0.454545,0.136364,0.227273,0.0,0.0,0.863636,0.409091,0.0,0.181818,0.0,0.818182,0.818182,0.0,0.0,0.318182,0.272727,0.227273,0.0,0.727273,0.0,0.272727,0.136364,0.272727
C,0.090909,0.0,0.0,0.0,0.363636,0.045455,0.5,0.272727,0.272727,0.727273,0.227273,0.0,0.090909,0.272727,0.227273,0.0,0.181818,0.0,0.227273,0.0,0.636364,0.0,0.0,0.181818,1.0,1.0,0.136364,0.409091,0.545455,0.0,0.0,0.727273,0.727273,0.545455,0.590909
G,0.181818,0.181818,1.0,1.0,0.0,0.636364,0.454545,0.318182,0.136364,0.181818,0.227273,0.590909,0.409091,0.318182,0.318182,1.0,0.818182,0.136364,0.045455,0.181818,0.0,1.0,0.181818,0.0,0.0,0.0,0.318182,0.272727,0.090909,1.0,0.181818,0.0,0.0,0.136364,0.136364
T,0.545455,0.818182,0.0,0.0,0.636364,0.090909,0.045455,0.045455,0.590909,0.0,0.454545,0.272727,0.045455,0.272727,0.227273,0.0,0.0,0.0,0.318182,0.818182,0.181818,0.0,0.0,0.0,0.0,0.0,0.227273,0.045455,0.136364,0.0,0.090909,0.272727,0.0,0.181818,0.0
