,position-1,position-2,position-3,position-4,position-5,position-6,position-7,position-8,position-9,position-10,position-11,position-12
A,0.006116,0.0,0.406728,0.091743,0.0,0.363914,0.0,0.0,0.061162,0.0,0.006116,0.666667
C,0.743119,0.519878,0.042813,0.314985,0.489297,0.0,0.553517,0.385321,0.070336,0.70948,0.449541,0.0
G,0.003058,0.480122,0.11315,0.391437,0.425076,0.0,0.06422,0.571865,0.2263,0.055046,0.544343,0.0
T,0.247706,0.0,0.437309,0.201835,0.085627,0.636086,0.382263,0.042813,0.642202,0.235474,0.0,0.333333
