,position-1,position-2,position-3,position-4,position-5,position-6,position-7,position-8,position-9,position-10,position-11,position-12,position-13,position-14,position-15,position-16,position-17,position-18,position-19,position-20,position-21
A,0.0,0.245283,0.0,0.018868,0.339623,0.188679,0.009434,0.292453,0.037736,0.0,0.320755,0.330189,0.009434,0.311321,0.122642,0.0,0.311321,0.122642,0.04717,0.433962,0.0
C,0.292453,0.113208,0.584906,0.566038,0.207547,0.301887,0.066038,0.235849,0.679245,0.122642,0.075472,0.603774,0.443396,0.367925,0.292453,0.226415,0.0,0.575472,0.169811,0.056604,0.622642
G,0.688679,0.160377,0.226415,0.40566,0.254717,0.264151,0.896226,0.188679,0.0,0.877358,0.254717,0.0,0.54717,0.04717,0.490566,0.773585,0.056604,0.132075,0.783019,0.367925,0.254717
T,0.018868,0.481132,0.188679,0.009434,0.198113,0.245283,0.028302,0.283019,0.283019,0.0,0.349057,0.066038,0.0,0.273585,0.09434,0.0,0.632075,0.169811,0.0,0.141509,0.122642
