,position-1,position-2,position-3,position-4,position-5,position-6,position-7,position-8,position-9,position-10,position-11,position-12,position-13,position-14,position-15,position-16,position-17,position-18,position-19,position-20,position-21,position-22
A,0.509434,0.0,0.028302,0.273585,0.037736,0.0,0.235849,0.188679,0.0,0.301887,0.141509,0.0,0.264151,0.320755,0.018868,0.264151,0.075472,0.0,0.254717,0.0,0.056604,0.490566
C,0.160377,0.339623,0.367925,0.0,0.679245,0.40566,0.132075,0.320755,0.09434,0.367925,0.707547,0.245283,0.113208,0.339623,0.245283,0.122642,0.377358,0.40566,0.160377,0.471698,0.367925,0.0
G,0.141509,0.471698,0.556604,0.018868,0.0,0.566038,0.424528,0.150943,0.867925,0.037736,0.056604,0.754717,0.169811,0.264151,0.735849,0.235849,0.396226,0.59434,0.169811,0.386792,0.575472,0.415094
T,0.188679,0.188679,0.04717,0.707547,0.283019,0.028302,0.207547,0.339623,0.037736,0.292453,0.09434,0.0,0.45283,0.075472,0.0,0.377358,0.150943,0.0,0.415094,0.141509,0.0,0.09434
