,position-1,position-2,position-3,position-4,position-5,position-6,position-7,position-8,position-9,position-10,position-11,position-12,position-13,position-14,position-15
A,0.255696,0.0,0.23038,0.205063,0.0,0.2,0.511392,0.0,0.194937,0.397468,0.0,0.38481,0.402532,0.0,0.116456
C,0.0,0.440506,0.351899,0.182278,0.837975,0.027848,0.189873,0.718987,0.372152,0.136709,0.460759,0.113924,0.240506,0.658228,0.225316
G,0.0,0.559494,0.301266,0.050633,0.15443,0.698734,0.118987,0.281013,0.372152,0.101266,0.539241,0.362025,0.0,0.341772,0.58481
T,0.744304,0.0,0.116456,0.562025,0.007595,0.073418,0.179747,0.0,0.060759,0.364557,0.0,0.139241,0.356962,0.0,0.073418
