,position-1,position-2,position-3,position-4,position-5,position-6,position-7,position-8,position-9,position-10,position-11,position-12,position-13,position-14,position-15,position-16
A,0.105263,0.105263,0.631579,0.368421,0.789474,0.0,0.736842,0.578947,0.842105,0.052632,0.473684,0.105263,0.0,0.315789,0.894737,0.0
C,0.736842,0.0,0.052632,0.210526,0.0,0.842105,0.105263,0.0,0.0,0.157895,0.052632,0.315789,0.105263,0.0,0.0,0.105263
G,0.157895,0.0,0.263158,0.0,0.0,0.0,0.157895,0.210526,0.157895,0.0,0.473684,0.0,0.0,0.157895,0.0,0.894737
T,0.0,0.894737,0.052632,0.421053,0.210526,0.157895,0.0,0.210526,0.0,0.789474,0.0,0.578947,0.894737,0.526316,0.105263,0.0
