,position-1,position-2,position-3,position-4,position-5,position-6,position-7,position-8,position-9,position-10,position-11,position-12,position-13,position-14,position-15,position-16,position-17,position-18
A,0.055556,0.0,0.444444,0.777778,0.611111,0.0,0.666667,0.0,0.055556,0.0,0.222222,0.0,0.277778,0.166667,0.944444,0.0,0.0,0.666667
C,0.833333,0.111111,0.222222,0.055556,0.0,0.611111,0.111111,0.0,0.166667,0.055556,0.0,0.111111,0.0,0.222222,0.0,0.166667,0.333333,0.055556
G,0.111111,0.0,0.0,0.111111,0.166667,0.055556,0.166667,0.0,0.166667,0.055556,0.777778,0.0,0.333333,0.055556,0.0,0.722222,0.055556,0.166667
T,0.0,0.888889,0.333333,0.055556,0.222222,0.333333,0.055556,1.0,0.611111,0.888889,0.0,0.888889,0.388889,0.555556,0.055556,0.111111,0.611111,0.111111
