,position-1,position-2,position-3,position-4,position-5,position-6,position-7,position-8,position-9
A,0.0,0.705263,0.515789,0.0,0.0,0.021053,0.178947,0.021053,0.0
C,0.063158,0.0,0.0,0.0,0.0,0.8,0.610526,0.347368,0.484211
G,0.831579,0.126316,0.0,0.0,0.0,0.084211,0.0,0.168421,0.031579
T,0.105263,0.168421,0.484211,1.0,1.0,0.094737,0.210526,0.463158,0.484211
