,position-1,position-2,position-3,position-4,position-5,position-6,position-7,position-8,position-9,position-10,position-11,position-12,position-13,position-14,position-15,position-16,position-17,position-18,position-19,position-20,position-21,position-22,position-23,position-24,position-25,position-26,position-27,position-28,position-29,position-30,position-31,position-32,position-33,position-34,position-35
A,0.65625,0.9375,0.75,0.15625,0.125,0.53125,0.4375,0.8125,0.84375,0.03125,0.28125,0.8125,0.28125,0.65625,0.71875,0.15625,0.1875,0.84375,0.0625,0.03125,0.28125,0.15625,0.0,0.625,0.25,0.21875,0.53125,0.28125,0.21875,0.4375,0.46875,0.34375,0.4375,0.375,0.28125
C,0.21875,0.0,0.03125,0.15625,0.15625,0.09375,0.0625,0.0,0.0,0.09375,0.09375,0.03125,0.0,0.09375,0.09375,0.15625,0.375,0.0,0.03125,0.0,0.53125,0.09375,0.4375,0.0625,0.0625,0.21875,0.15625,0.1875,0.46875,0.15625,0.1875,0.03125,0.125,0.0625,0.0625
G,0.0625,0.0,0.03125,0.0,0.53125,0.28125,0.125,0.0625,0.0625,0.125,0.40625,0.15625,0.25,0.0,0.09375,0.0625,0.28125,0.09375,0.0,0.0,0.0625,0.09375,0.0625,0.25,0.09375,0.0625,0.03125,0.28125,0.1875,0.3125,0.0,0.0,0.03125,0.125,0.40625
T,0.0625,0.0625,0.1875,0.6875,0.1875,0.09375,0.375,0.125,0.09375,0.75,0.21875,0.0,0.46875,0.25,0.09375,0.625,0.15625,0.0625,0.90625,0.96875,0.125,0.65625,0.5,0.0625,0.59375,0.5,0.28125,0.25,0.125,0.09375,0.34375,0.625,0.40625,0.4375,0.25
