,position-1,position-2,position-3,position-4,position-5,position-6,position-7,position-8,position-9,position-10,position-11,position-12,position-13,position-14,position-15,position-16,position-17,position-18,position-19,position-20,position-21
A,0.892857,0.714286,0.035714,0.214286,0.678571,0.071429,0.464286,0.607143,0.0,0.178571,0.821429,0.0,0.0,0.25,0.107143,0.142857,0.785714,0.0,0.071429,0.107143,0.214286
C,0.0,0.0,0.035714,0.107143,0.071429,0.214286,0.0,0.142857,0.357143,0.428571,0.071429,0.0,0.0,0.357143,0.107143,0.714286,0.071429,0.0,0.0,0.071429,0.285714
G,0.0,0.071429,0.035714,0.464286,0.142857,0.142857,0.035714,0.035714,0.0,0.107143,0.107143,0.0,0.071429,0.0,0.107143,0.035714,0.142857,0.0,0.035714,0.142857,0.392857
T,0.107143,0.214286,0.892857,0.214286,0.107143,0.571429,0.5,0.214286,0.642857,0.285714,0.0,1.0,0.928571,0.392857,0.678571,0.107143,0.0,1.0,0.892857,0.678571,0.107143
