,position-1,position-2,position-3,position-4,position-5,position-6,position-7,position-8,position-9,position-10,position-11,position-12,position-13,position-14,position-15,position-16,position-17,position-18,position-19,position-20,position-21,position-22,position-23,position-24
A,0.73913,0.173913,0.391304,0.391304,0.304348,0.869565,0.782609,0.086957,0.130435,0.913043,0.043478,0.869565,0.782609,0.0,0.26087,0.869565,0.0,0.130435,0.304348,0.0,0.0,0.956522,0.217391,0.0
C,0.086957,0.173913,0.043478,0.26087,0.086957,0.0,0.043478,0.086957,0.086957,0.0,0.0,0.0,0.043478,0.217391,0.086957,0.0,0.0,0.0,0.391304,0.130435,0.608696,0.0,0.0,0.043478
G,0.043478,0.043478,0.521739,0.0,0.26087,0.0,0.0,0.0,0.782609,0.043478,0.347826,0.043478,0.086957,0.0,0.304348,0.043478,0.0,0.0,0.086957,0.26087,0.173913,0.043478,0.0,0.0
T,0.130435,0.608696,0.043478,0.347826,0.347826,0.130435,0.173913,0.826087,0.0,0.043478,0.608696,0.086957,0.086957,0.782609,0.347826,0.086957,1.0,0.869565,0.217391,0.608696,0.217391,0.0,0.782609,0.956522
