,position-1,position-2,position-3,position-4,position-5,position-6,position-7,position-8,position-9,position-10,position-11,position-12,position-13
A,0.071429,0.057143,0.0,0.985714,0.0,0.1,0.8,0.885714,0.028571,0.0,0.0,0.014286,0.371429
C,0.585714,0.6,0.0,0.0,0.914286,0.085714,0.0,0.0,0.885714,0.0,0.0,0.342857,0.314286
G,0.257143,0.2,1.0,0.0,0.0,0.814286,0.2,0.085714,0.0,1.0,1.0,0.028571,0.128571
T,0.085714,0.142857,0.0,0.014286,0.085714,0.0,0.0,0.028571,0.085714,0.0,0.0,0.614286,0.185714
