,position-1,position-2,position-3,position-4,position-5,position-6,position-7,position-8,position-9,position-10,position-11,position-12,position-13,position-14,position-15,position-16,position-17,position-18,position-19,position-20,position-21,position-22
A,0.137931,0.0,0.068966,0.172414,0.034483,0.137931,0.241379,0.310345,0.241379,0.034483,0.0,0.0,0.0,0.137931,0.0,1.0,0.103448,0.068966,0.137931,0.034483,0.0,0.482759
C,0.655172,0.068966,0.0,0.0,0.448276,0.482759,0.344828,0.275862,0.034483,0.241379,1.0,0.0,0.0,0.862069,1.0,0.0,0.034483,0.344828,0.37931,0.448276,0.586207,0.241379
G,0.172414,0.724138,0.896552,0.275862,0.275862,0.37931,0.241379,0.310345,0.241379,0.137931,0.0,1.0,1.0,0.0,0.0,0.0,0.689655,0.37931,0.275862,0.206897,0.344828,0.172414
T,0.034483,0.206897,0.034483,0.551724,0.241379,0.0,0.172414,0.103448,0.482759,0.586207,0.0,0.0,0.0,0.0,0.0,0.0,0.172414,0.206897,0.206897,0.310345,0.068966,0.103448
