,position-1,position-2,position-3,position-4,position-5,position-6,position-7,position-8,position-9,position-10,position-11,position-12,position-13,position-14,position-15
A,0.152174,0.0,0.021739,0.0,0.0,0.0,0.478261,0.369565,0.086957,0.195652,0.021739,0.152174,0.478261,0.021739,0.195652
C,0.0,0.0,0.0,0.869565,1.0,0.0,0.23913,0.347826,0.23913,0.282609,0.369565,0.26087,0.326087,0.76087,0.673913
G,0.0,0.913043,0.826087,0.0,0.0,1.0,0.195652,0.021739,0.434783,0.304348,0.456522,0.565217,0.0,0.173913,0.043478
T,0.847826,0.086957,0.152174,0.130435,0.0,0.0,0.086957,0.26087,0.23913,0.217391,0.152174,0.021739,0.195652,0.043478,0.086957
