,position-1,position-2,position-3,position-4,position-5,position-6,position-7,position-8,position-9,position-10,position-11,position-12,position-13,position-14,position-15
A,0.5,0.1,0.1,0.733333,0.166667,0.966667,0.633333,0.333333,0.033333,0.4,0.0,0.4,0.2,0.1,0.166667
C,0.0,0.0,0.233333,0.166667,0.066667,0.0,0.0,0.166667,0.033333,0.0,0.0,0.0,0.166667,0.0,0.333333
G,0.0,0.5,0.666667,0.033333,0.0,0.0,0.066667,0.1,0.0,0.0,0.033333,0.0,0.2,0.0,0.0
T,0.5,0.4,0.0,0.066667,0.766667,0.033333,0.3,0.4,0.933333,0.6,0.966667,0.6,0.433333,0.9,0.5
