,position-1,position-2,position-3,position-4,position-5,position-6,position-7,position-8,position-9,position-10,position-11,position-12,position-13,position-14,position-15,position-16,position-17,position-18,position-19
A,0.266667,0.066667,0.088889,0.111111,0.0,0.0,0.133333,0.133333,0.022222,0.066667,0.0,0.0,0.155556,0.0,0.0,0.266667,0.0,0.155556,0.266667
C,0.155556,0.733333,0.0,0.488889,0.688889,0.155556,0.555556,0.311111,0.222222,0.311111,0.511111,0.911111,0.0,0.2,0.311111,0.466667,0.333333,0.222222,0.111111
G,0.0,0.2,0.866667,0.377778,0.2,0.822222,0.111111,0.444444,0.488889,0.066667,0.488889,0.0,0.088889,0.733333,0.688889,0.066667,0.666667,0.444444,0.066667
T,0.577778,0.0,0.044444,0.022222,0.111111,0.022222,0.2,0.111111,0.266667,0.555556,0.0,0.088889,0.755556,0.066667,0.0,0.2,0.0,0.177778,0.555556
