,position-1,position-2,position-3,position-4,position-5,position-6,position-7,position-8,position-9,position-10,position-11,position-12,position-13,position-14,position-15,position-16,position-17,position-18,position-19,position-20,position-21,position-22
A,0.421053,0.105263,0.0,0.368421,0.0,0.131579,0.5,0.0,0.0,0.710526,0.131579,0.0,0.052632,0.0,0.157895,0.184211,0.0,0.026316,0.342105,0.0,0.052632,0.552632
C,0.184211,0.368421,0.605263,0.026316,0.684211,0.421053,0.263158,0.210526,0.736842,0.289474,0.184211,0.342105,0.210526,0.973684,0.342105,0.078947,0.684211,0.0,0.473684,0.578947,0.736842,0.157895
G,0.0,0.473684,0.210526,0.184211,0.315789,0.447368,0.131579,0.684211,0.236842,0.0,0.684211,0.578947,0.552632,0.026316,0.5,0.578947,0.157895,0.894737,0.0,0.315789,0.210526,0.0
T,0.394737,0.052632,0.184211,0.421053,0.0,0.0,0.105263,0.105263,0.026316,0.0,0.0,0.078947,0.184211,0.0,0.0,0.157895,0.157895,0.078947,0.184211,0.105263,0.0,0.289474
