,position-1,position-2,position-3,position-4,position-5,position-6,position-7,position-8,position-9,position-10,position-11,position-12,position-13,position-14,position-15,position-16,position-17,position-18,position-19,position-20,position-21
A,0.0,0.052632,0.052632,0.210526,0.0,0.105263,0.315789,0.421053,0.421053,0.315789,0.0,0.684211,0.210526,0.210526,0.0,0.368421,0.526316,0.105263,0.157895,0.0,0.0
C,0.052632,0.0,0.263158,0.421053,0.052632,0.105263,0.315789,0.578947,0.0,0.210526,0.0,0.0,0.105263,0.052632,0.368421,0.0,0.105263,0.0,0.263158,0.0,0.0
G,0.105263,0.0,0.0,0.052632,0.0,0.421053,0.263158,0.0,0.263158,0.157895,0.157895,0.0,0.210526,0.0,0.0,0.315789,0.052632,0.736842,0.368421,0.157895,0.263158
T,0.842105,0.947368,0.684211,0.315789,0.947368,0.368421,0.105263,0.0,0.315789,0.315789,0.842105,0.315789,0.473684,0.736842,0.631579,0.315789,0.315789,0.157895,0.210526,0.842105,0.736842
