,position-1,position-2,position-3,position-4,position-5,position-6,position-7,position-8,position-9,position-10,position-11,position-12,position-13,position-14,position-15,position-16,position-17,position-18,position-19,position-20,position-21
A,0.09375,0.09375,0.625,0.0,0.0625,0.25,0.0,0.03125,0.5625,0.0625,0.0,0.625,0.15625,0.0,0.3125,0.0625,0.0,0.21875,0.0,0.0,0.375
C,0.65625,0.6875,0.0,0.09375,0.5625,0.25,0.6875,0.65625,0.0625,0.59375,0.84375,0.0,0.0,0.78125,0.0,0.40625,0.3125,0.28125,0.59375,0.21875,0.1875
G,0.125,0.21875,0.0625,0.84375,0.28125,0.34375,0.3125,0.3125,0.375,0.34375,0.09375,0.09375,0.84375,0.09375,0.4375,0.28125,0.65625,0.40625,0.03125,0.78125,0.25
T,0.125,0.0,0.3125,0.0625,0.09375,0.15625,0.0,0.0,0.0,0.0,0.0625,0.28125,0.0,0.125,0.25,0.25,0.03125,0.09375,0.375,0.0,0.1875
