,position-1,position-2,position-3,position-4,position-5,position-6,position-7,position-8,position-9,position-10,position-11,position-12,position-13,position-14,position-15,position-16
A,0.087087,0.0,0.006006,0.042042,0.522523,0.087087,0.27027,0.12012,0.315315,0.261261,0.114114,0.216216,0.009009,0.0,0.027027,0.303303
C,0.165165,0.0,0.0,0.837838,0.198198,0.60961,0.108108,0.237237,0.237237,0.234234,0.405405,0.135135,0.069069,0.006006,0.960961,0.171171
G,0.066066,0.993994,0.990991,0.003003,0.234234,0.039039,0.567568,0.558559,0.201201,0.177177,0.327327,0.108108,0.012012,0.993994,0.006006,0.18018
T,0.681682,0.006006,0.003003,0.117117,0.045045,0.264264,0.054054,0.084084,0.246246,0.327327,0.153153,0.540541,0.90991,0.0,0.006006,0.345345
