,position-1,position-2,position-3,position-4,position-5,position-6,position-7,position-8,position-9,position-10,position-11,position-12,position-13,position-14,position-15
A,0.081325,0.0,0.006024,0.042169,0.527108,0.078313,0.271084,0.11747,0.310241,0.26506,0.114458,0.213855,0.012048,0.0,0.021084
C,0.165663,0.0,0.0,0.840361,0.192771,0.614458,0.10241,0.237952,0.23494,0.23494,0.394578,0.135542,0.066265,0.006024,0.96988
G,0.066265,0.993976,0.990964,0.003012,0.240964,0.048193,0.572289,0.554217,0.204819,0.168675,0.331325,0.108434,0.01506,0.993976,0.003012
T,0.686747,0.006024,0.003012,0.114458,0.039157,0.259036,0.054217,0.090361,0.25,0.331325,0.159639,0.542169,0.906627,0.0,0.006024
