,position-1,position-2,position-3,position-4,position-5,position-6,position-7,position-8,position-9,position-10,position-11,position-12,position-13,position-14,position-15,position-16,position-17,position-18,position-19,position-20
A,0.0,0.236842,0.052632,0.0,0.105263,0.0,0.0,0.078947,0.552632,0.184211,0.289474,0.263158,0.026316,0.684211,0.078947,0.026316,0.184211,0.0,0.0,0.0
C,0.394737,0.421053,0.052632,0.0,0.0,1.0,1.0,0.0,0.105263,0.236842,0.210526,0.289474,0.210526,0.0,0.052632,0.894737,0.815789,0.210526,0.394737,0.5
G,0.526316,0.236842,0.0,1.0,0.763158,0.0,0.0,0.894737,0.263158,0.263158,0.289474,0.263158,0.684211,0.315789,0.0,0.078947,0.0,0.368421,0.473684,0.342105
T,0.078947,0.105263,0.894737,0.0,0.131579,0.0,0.0,0.026316,0.078947,0.315789,0.210526,0.184211,0.078947,0.0,0.868421,0.0,0.0,0.421053,0.131579,0.157895
