,position-1,position-2,position-3,position-4,position-5,position-6,position-7,position-8,position-9,position-10,position-11,position-12,position-13,position-14,position-15,position-16,position-17
A,0.111111,0.444444,0.0,0.0,0.916667,0.0,0.055556,0.166667,0.194444,0.305556,0.055556,0.027778,0.027778,0.0,0.138889,0.0,0.944444
C,0.5,0.388889,0.055556,0.055556,0.0,0.25,0.694444,0.25,0.333333,0.333333,0.277778,0.916667,0.0,0.055556,0.833333,1.0,0.0
G,0.388889,0.166667,0.861111,0.916667,0.0,0.0,0.222222,0.333333,0.25,0.194444,0.111111,0.0,0.972222,0.944444,0.0,0.0,0.027778
T,0.0,0.0,0.083333,0.027778,0.083333,0.75,0.027778,0.25,0.222222,0.166667,0.555556,0.055556,0.0,0.0,0.027778,0.0,0.027778
