,position-1,position-2,position-3,position-4,position-5,position-6,position-7,position-8,position-9,position-10,position-11,position-12,position-13,position-14,position-15,position-16
A,0.0,0.0,0.155556,0.066667,0.044444,0.066667,0.0,0.0,0.111111,0.0,0.333333,0.288889,0.0,0.088889,0.0,0.044444
C,0.333333,0.288889,0.222222,0.444444,0.711111,0.022222,0.066667,0.0,0.688889,0.088889,0.511111,0.022222,0.6,0.133333,0.444444,0.733333
G,0.666667,0.511111,0.155556,0.466667,0.244444,0.066667,0.822222,1.0,0.0,0.888889,0.133333,0.133333,0.333333,0.622222,0.111111,0.177778
T,0.0,0.2,0.466667,0.022222,0.0,0.844444,0.111111,0.0,0.2,0.022222,0.022222,0.555556,0.066667,0.155556,0.444444,0.044444
