,position-1,position-2,position-3,position-4,position-5,position-6,position-7,position-8,position-9,position-10,position-11,position-12,position-13,position-14,position-15,position-16,position-17,position-18,position-19,position-20,position-21
A,0.044444,0.022222,0.577778,0.022222,0.088889,0.222222,0.155556,0.044444,0.355556,0.2,0.022222,0.777778,0.022222,0.066667,0.333333,0.022222,0.066667,0.644444,0.0,0.0,0.466667
C,0.488889,0.533333,0.0,0.266667,0.311111,0.177778,0.6,0.222222,0.0,0.422222,0.577778,0.088889,0.2,0.733333,0.222222,0.866667,0.577778,0.244444,0.177778,0.555556,0.111111
G,0.466667,0.444444,0.155556,0.444444,0.6,0.266667,0.244444,0.711111,0.511111,0.177778,0.4,0.0,0.6,0.177778,0.444444,0.111111,0.355556,0.0,0.688889,0.4,0.222222
T,0.0,0.0,0.266667,0.266667,0.0,0.333333,0.0,0.022222,0.133333,0.2,0.0,0.133333,0.177778,0.022222,0.0,0.0,0.0,0.111111,0.133333,0.044444,0.2
