,position-1,position-2,position-3,position-4,position-5,position-6,position-7,position-8,position-9,position-10,position-11,position-12,position-13,position-14,position-15,position-16
A,0.365854,0.01626,0.073171,0.300813,0.01626,0.642276,0.284553,0.0,0.081301,0.479675,0.01626,0.113821,0.089431,0.0,0.512195,0.219512
C,0.268293,0.528455,0.01626,0.0,0.146341,0.341463,0.227642,0.552846,0.479675,0.097561,0.487805,0.211382,0.056911,0.95935,0.113821,0.707317
G,0.146341,0.056911,0.910569,0.0,0.796748,0.01626,0.170732,0.422764,0.284553,0.219512,0.333333,0.430894,0.195122,0.04065,0.373984,0.0
T,0.219512,0.398374,0.0,0.699187,0.04065,0.0,0.317073,0.02439,0.154472,0.203252,0.162602,0.243902,0.658537,0.0,0.0,0.073171
