,position-1,position-2,position-3,position-4,position-5,position-6,position-7,position-8,position-9,position-10,position-11,position-12,position-13,position-14,position-15
A,0.012821,0.0,0.025641,0.0,0.653846,0.038462,0.0,0.102564,0.5,0.025641,0.076923,0.064103,0.0,0.487179,0.179487
C,0.333333,0.0,0.025641,0.0,0.346154,0.294872,0.461538,0.538462,0.179487,0.371795,0.128205,0.0,0.897436,0.064103,0.74359
G,0.205128,0.974359,0.0,1.0,0.0,0.230769,0.512821,0.230769,0.179487,0.525641,0.282051,0.166667,0.102564,0.346154,0.025641
T,0.448718,0.025641,0.948718,0.0,0.0,0.435897,0.025641,0.128205,0.141026,0.076923,0.512821,0.769231,0.0,0.102564,0.051282
