,position-1,position-2,position-3,position-4,position-5,position-6,position-7,position-8,position-9,position-10,position-11,position-12,position-13,position-14,position-15
A,0.0,0.0,0.707317,0.0,0.121951,0.097561,0.170732,0.121951,0.073171,0.04878,0.0,0.0,0.268293,0.0,0.97561
C,0.121951,0.073171,0.0,0.365854,0.487805,0.292683,0.341463,0.243902,0.170732,0.731707,0.0,0.0,0.731707,1.0,0.02439
G,0.853659,0.926829,0.121951,0.0,0.390244,0.243902,0.243902,0.414634,0.170732,0.0,1.0,0.878049,0.0,0.0,0.0
T,0.02439,0.0,0.170732,0.634146,0.0,0.365854,0.243902,0.219512,0.585366,0.219512,0.0,0.121951,0.0,0.0,0.0
