,position-1,position-2,position-3,position-4,position-5,position-6,position-7,position-8,position-9,position-10,position-11,position-12,position-13,position-14,position-15,position-16,position-17,position-18,position-19,position-20
A,0.245614,0.245614,0.315789,0.929825,0.526316,0.157895,0.263158,0.842105,0.315789,0.842105,0.824561,0.122807,0.280702,0.947368,0.035088,0.140351,0.438596,0.052632,0.052632,1.0
C,0.105263,0.280702,0.105263,0.0,0.070175,0.175439,0.0,0.140351,0.0,0.0,0.052632,0.192982,0.22807,0.052632,0.052632,0.052632,0.210526,0.052632,0.614035,0.0
G,0.491228,0.210526,0.315789,0.035088,0.122807,0.0,0.736842,0.0,0.22807,0.0,0.0,0.0,0.368421,0.0,0.157895,0.017544,0.035088,0.192982,0.087719,0.0
T,0.157895,0.263158,0.263158,0.035088,0.280702,0.666667,0.0,0.017544,0.45614,0.157895,0.122807,0.684211,0.122807,0.0,0.754386,0.789474,0.315789,0.701754,0.245614,0.0
