,position-1,position-2,position-3,position-4,position-5,position-6,position-7,position-8,position-9
A,0.0,0.0,0.408451,0.0,0.0,0.915493,0.295775,0.169014,0.0
C,0.0,0.042254,0.464789,0.0,0.943662,0.0,0.15493,0.239437,0.71831
G,0.0,0.0,0.014085,0.0,0.0,0.084507,0.070423,0.112676,0.112676
T,1.0,0.957746,0.112676,1.0,0.056338,0.0,0.478873,0.478873,0.169014
