,position-1,position-2,position-3,position-4,position-5,position-6,position-7,position-8,position-9,position-10,position-11,position-12,position-13,position-14,position-15,position-16
A,0.116279,0.604651,0.186047,1.0,0.674419,0.0,0.604651,0.046512,0.0,0.069767,0.186047,0.348837,1.0,0.790698,0.813953,0.767442
C,0.767442,0.162791,0.232558,0.0,0.093023,0.116279,0.023256,0.046512,0.0,0.581395,0.0,0.0,0.0,0.0,0.116279,0.0
G,0.116279,0.0,0.534884,0.0,0.0,0.093023,0.023256,0.162791,0.0,0.093023,0.093023,0.627907,0.0,0.0,0.0,0.0
T,0.0,0.232558,0.046512,0.0,0.232558,0.790698,0.348837,0.744186,1.0,0.255814,0.72093,0.023256,0.0,0.209302,0.069767,0.232558
