,position-1,position-2,position-3,position-4,position-5,position-6,position-7,position-8,position-9,position-10,position-11,position-12,position-13,position-14,position-15,position-16,position-17,position-18,position-19,position-20,position-21
A,0.22973,0.283784,0.243243,0.283784,0.162162,0.77027,0.337838,1.0,0.702703,0.175676,0.689189,0.216216,0.013514,0.081081,0.513514,0.567568,0.810811,0.675676,0.554054,0.77027,0.364865
C,0.0,0.0,0.0,0.0,0.837838,0.094595,0.216216,0.0,0.027027,0.094595,0.027027,0.0,0.0,0.554054,0.0,0.067568,0.013514,0.0,0.216216,0.067568,0.027027
G,0.094595,0.0,0.162162,0.135135,0.0,0.0,0.364865,0.0,0.067568,0.0,0.027027,0.054054,0.0,0.054054,0.108108,0.324324,0.0,0.013514,0.067568,0.0,0.121622
T,0.675676,0.716216,0.594595,0.581081,0.0,0.135135,0.081081,0.0,0.202703,0.72973,0.256757,0.72973,0.986486,0.310811,0.378378,0.040541,0.175676,0.310811,0.162162,0.162162,0.486486
