,position-1,position-2,position-3,position-4,position-5,position-6,position-7,position-8,position-9,position-10,position-11,position-12,position-13,position-14,position-15,position-16,position-17,position-18,position-19,position-20
A,0.815789,0.710526,0.052632,0.210526,0.815789,0.210526,0.631579,0.684211,0.013158,0.131579,0.815789,0.157895,0.026316,0.157895,0.065789,0.026316,0.789474,0.236842,0.026316,0.065789
C,0.026316,0.026316,0.144737,0.065789,0.092105,0.0,0.0,0.157895,0.171053,0.671053,0.026316,0.039474,0.065789,0.486842,0.092105,0.75,0.052632,0.078947,0.157895,0.342105
G,0.0,0.092105,0.0,0.671053,0.013158,0.302632,0.013158,0.052632,0.118421,0.0,0.039474,0.0,0.0,0.078947,0.131579,0.039474,0.131579,0.013158,0.052632,0.197368
T,0.157895,0.171053,0.802632,0.052632,0.078947,0.486842,0.355263,0.105263,0.697368,0.197368,0.118421,0.802632,0.907895,0.276316,0.710526,0.184211,0.026316,0.671053,0.763158,0.394737
