,position-1,position-2,position-3,position-4,position-5,position-6,position-7,position-8,position-9,position-10,position-11,position-12,position-13,position-14,position-15,position-16,position-17,position-18,position-19,position-20
A,0.048387,0.903226,0.870968,0.048387,0.241935,0.903226,0.225806,0.370968,0.403226,0.129032,0.016129,0.887097,0.16129,0.064516,0.145161,0.032258,0.016129,0.645161,0.177419,0.0
C,0.16129,0.0,0.048387,0.145161,0.193548,0.0,0.0,0.0,0.387097,0.129032,0.741935,0.016129,0.016129,0.032258,0.33871,0.064516,0.741935,0.032258,0.145161,0.16129
G,0.370968,0.0,0.080645,0.0,0.483871,0.0,0.16129,0.0,0.064516,0.16129,0.048387,0.048387,0.016129,0.0,0.048387,0.33871,0.096774,0.274194,0.048387,0.096774
T,0.419355,0.096774,0.0,0.806452,0.080645,0.096774,0.612903,0.629032,0.145161,0.580645,0.193548,0.048387,0.806452,0.903226,0.467742,0.564516,0.145161,0.048387,0.629032,0.741935
